symbol,name,market,sector,industry,country,start_date,city,zip,state,phone,website,address,long_business_summary,full_time_employees,audit_risk,board_risk,compensation_risk,share_holder_rights_risk,overall_risk,governance_epoch_date,compensation_as_of_epoch_date
^IRX,13 Week Treasury Bill,Bond,,,,2013-04-09 00:00:00-04:00,,,,,,,,,,,,,,,
^FVX,Treasury Yield 5 Years,Bond,,,,2013-04-09 00:00:00-04:00,,,,,,,,,,,,,,,
^TNX,Treasury Yield 10 Years,Bond,,,,2013-04-09 00:00:00-04:00,,,,,,,,,,,,,,,
^TYX,Treasury Yield 30 Years,Bond,,,,2013-04-09 00:00:00-04:00,,,,,,,,,,,,,,,
FXAIX,Fidelity 500 Index Fund,Fund,,,,2013-04-08 00:00:00-04:00,,,,,,,,,,,,,,,
CLBAX,American Funds American Balanced Fund Class 529-A,Fund,,,,2013-04-08 00:00:00-04:00,,,,415-421-9360,,,,,,,,,,,
RLBBX,American Funds American Balanced Fund,Fund,,,,2013-04-08 00:00:00-04:00,,,,415-421-9360,,,,,,,,,,,
BALCX,American Funds American Balanced Fund,Fund,,,,2013-04-08 00:00:00-04:00,,,,415-421-9360,,,,,,,,,,,
FBAFX,American Funds American Balanced Fund,Fund,,,,2020-10-30 00:00:00-04:00,,,,415-421-9360,,,,,,,,,,,
FBONX,American Funds American Balanced Fund,Fund,,,,2020-10-30 00:00:00-04:00,,,,415-421-9360,,,,,,,,,,,
RLBAX,American Funds American Balanced Fund,Fund,,,,2013-04-08 00:00:00-04:00,,,,415-421-9360,,,,,,,,,,,
CLBCX,American Funds American Balanced Fund,Fund,,,,2013-04-08 00:00:00-04:00,,,,415-421-9360,,,,,,,,,,,
RLBFX,American Funds American Balanced Fund Class R-5,Fund,,,,2013-04-08 00:00:00-04:00,,,,415-421-9360,,,,,,,,,,,
AMBFX,American Balanced Fund,Fund,,,,2013-04-08 00:00:00-04:00,,,,,,,,,,,,,,,
ABALX,American Funds American Balanced Fund Class A,Fund,,,,2013-04-08 00:00:00-04:00,,,,415-421-9360,,,,,,,,,,,
BALFX,American Funds American Balanced Fund,Fund,,,,2013-04-08 00:00:00-04:00,,,,415-421-9360,,,,,,,,,,,
RLBCX,American Funds American Balanced Fund Class R-3,Fund,,,,2013-04-08 00:00:00-04:00,,,,415-421-9360,,,,,,,,,,,
CLBEX,American Funds American Balanced Fund Class 529-E,Fund,,,,2013-04-08 00:00:00-04:00,,,,415-421-9360,,,,,,,,,,,
RLEFX,American Funds American Balanced Fund,Fund,,,,2015-11-20 00:00:00-05:00,,,,415-421-9360,,,,,,,,,,,
RLBGX,American Funds American Balanced Fund Class R-6,Fund,,,,2013-04-08 00:00:00-04:00,,,,415-421-9360,,,,,,,,,,,
RLBEX,American Funds American Balanced Fund,Fund,,,,2013-04-08 00:00:00-04:00,,,,415-421-9360,,,,,,,,,,,
CLBFX,American Funds American Balanced Fund Class 529-F,Fund,,,,2013-04-08 00:00:00-04:00,,,,415-421-9360,,,,,,,,,,,
RAMHX,American Funds American Balanced Fund Class R-2E,Fund,,,,2014-08-29 00:00:00-04:00,,,,415-421-9360,,,,,,,,,,,
AFMBX,American Funds American Balanced Fund,Fund,,,,2017-01-27 00:00:00-05:00,,,,415-421-9360,,,,,,,,,,,
CIREX,American Funds Capital Income Builder Class 529-E,Fund,,,,2013-04-08 00:00:00-04:00,,,,213-486-9200,,,,,,,,,,,
CAIBX,American Funds Capital Income Builder Class A,Fund,,,,2013-04-08 00:00:00-04:00,,,,213-486-9200,,,,,,,,,,,
RIRHX,American Funds Capital Income Builder,Fund,,,,2015-11-20 00:00:00-05:00,,,,213-486-9200,,,,,,,,,,,
RIRBX,American Funds Capital Income Builder Class R-2,Fund,,,,2013-04-08 00:00:00-04:00,,,,213-486-9200,,,,,,,,,,,
RIRCX,American Funds Capital Income Builder Class R-3,Fund,,,,2013-04-08 00:00:00-04:00,,,,213-486-9200,,,,,,,,,,,
CAIFX,American Funds Capital Income Builder,Fund,,,,2013-04-08 00:00:00-04:00,,,,213-486-9200,,,,,,,,,,,
CIRFX,American Funds Capital Income Builder,Fund,,,,2013-04-08 00:00:00-04:00,,,,213-486-9200,,,,,,,,,,,
FBCIX,American Funds Capital Income Builder,Fund,,,,2020-10-30 00:00:00-04:00,,,,213-486-9200,,,,,,,,,,,
RIREX,American Funds Capital Income Builder Class R-4,Fund,,,,2013-04-08 00:00:00-04:00,,,,213-486-9200,,,,,,,,,,,
RIRAX,American Funds Capital Income Builder,Fund,,,,2013-04-08 00:00:00-04:00,,,,213-486-9200,,,,,,,,,,,
CIBCX,American Funds Capital Income Builder Class C,Fund,,,,2013-04-08 00:00:00-04:00,,,,213-486-9200,,,,,,,,,,,
CIBFX,American Funds Capital Income Builder,Fund,,,,2013-04-08 00:00:00-04:00,,,,213-486-9200,,,,,,,,,,,
RIRFX,American Funds Capital Income Builder,Fund,,,,2013-04-08 00:00:00-04:00,,,,213-486-9200,,,,,,,,,,,
FWCBX,American Funds Capital Income Builder,Fund,,,,2020-10-30 00:00:00-04:00,,,,213-486-9200,,,,,,,,,,,
CFIHX,American Funds Capital Income Builder,Fund,,,,2017-01-27 00:00:00-05:00,,,,213-486-9200,,,,,,,,,,,
RIRGX,American Funds Capital Income Builder,Fund,,,,2013-04-08 00:00:00-04:00,,,,213-486-9200,,,,,,,,,,,
CIRCX,Capital Income Builder Class 529-C Shares,Fund,,,,2013-04-08 00:00:00-04:00,,,,213-486-9200,,,,,,,,,,,
RCEEX,American Funds Capital Income Builder Class R-2E,Fund,,,,2014-08-29 00:00:00-04:00,,,,213-486-9200,,,,,,,,,,,
CIRAX,American Funds Capital Income Builder Class 529-A,Fund,,,,2013-04-08 00:00:00-04:00,,,,213-486-9200,,,,,,,,,,,
DODGX,Dodge & Cox Stock Fund - Class I,Fund,,,,2013-04-08 00:00:00-04:00,,,,,,,,,,,,,,,
CFAEX,American Funds The Bond Fund of America,Fund,,,,2013-04-08 00:00:00-04:00,,,,213-486-9200,,,,,,,,,,,
BFAFX,American Funds The Bond Fund of America Class F-1,Fund,,,,2013-04-08 00:00:00-04:00,,,,213-486-9200,,,,,,,,,,,
BFFAX,American Funds The Bond Fund of America Class F-3,Fund,,,,2017-01-27 00:00:00-05:00,,,,213-486-9200,,,,,,,,,,,
ABNFX,American Funds The Bond Fund of America Class F-2,Fund,,,,2013-04-08 00:00:00-04:00,,,,213-486-9200,,,,,,,,,,,
CFAFX,American Funds The Bond Fund of America,Fund,,,,2013-04-08 00:00:00-04:00,,,,213-486-9200,,,,,,,,,,,
RBFEX,American Funds The Bond Fund of America Class R-4,Fund,,,,2013-04-08 00:00:00-04:00,,,,213-486-9200,,,,,,,,,,,
RBFFX,American Funds The Bond Fund of America Class R-5,Fund,,,,2013-04-08 00:00:00-04:00,,,,213-486-9200,,,,,,,,,,,
CFAAX,American Funds The Bond Fund of America Class 529-A,Fund,,,,2013-04-08 00:00:00-04:00,,,,213-486-9200,,,,,,,,,,,
RBFGX,American Funds The Bond Fund of America Class R-6,Fund,,,,2013-04-08 00:00:00-04:00,,,,213-486-9200,,,,,,,,,,,
CFACX,American Funds The Bond Fund of America,Fund,,,,2013-04-08 00:00:00-04:00,,,,213-486-9200,,,,,,,,,,,
FFBOX,American Funds The Bond Fund of America,Fund,,,,2020-10-30 00:00:00-04:00,,,,213-486-9200,,,,,,,,,,,
RBEBX,American Funds The Bond Fund of America Class R-2E,Fund,,,,2014-08-29 00:00:00-04:00,,,,213-486-9200,,,,,,,,,,,
RBFAX,American Funds The Bond Fund of America Class R-1,Fund,,,,2013-04-08 00:00:00-04:00,,,,213-486-9200,,,,,,,,,,,
RBFBX,American Funds The Bond Fund of America Class R-2,Fund,,,,2013-04-08 00:00:00-04:00,,,,213-486-9200,,,,,,,,,,,
RBFCX,American Funds The Bond Fund of America Class R-3,Fund,,,,2013-04-08 00:00:00-04:00,,,,213-486-9200,,,,,,,,,,,
ABNDX,American Funds The Bond Fund of America Class A,Fund,,,,2013-04-08 00:00:00-04:00,,,,213-486-9200,,,,,,,,,,,
FBOFX,American Funds The Bond Fund of America,Fund,,,,2020-10-30 00:00:00-04:00,,,,213-486-9200,,,,,,,,,,,
BFACX,American Funds The Bond Fund of America Class C,Fund,,,,2013-04-08 00:00:00-04:00,,,,213-486-9200,,,,,,,,,,,
RBFHX,American Funds The Bond Fund of America Class R-5E,Fund,,,,2015-11-20 00:00:00-05:00,,,,213-486-9200,,,,,,,,,,,
DODIX,Dodge & Cox Income Fund,Fund,,,,2013-04-08 00:00:00-04:00,,,,1-800-621-3979,,,,,,,,,,,
VWINX,Vanguard Wellesley Income Fund,Fund,,,,2013-04-08 00:00:00-04:00,,,,610-669-6295,,,,,,,,,,,
VWIAX,Vanguard Wellesley Income Fund Admiral Shares,Fund,,,,2013-04-08 00:00:00-04:00,,,,,,,,,,,,,,,
CNWEX,American Funds New World Fund Class 529-E,Fund,,,,2013-04-08 00:00:00-04:00,,,,(213) 486-9200,,,,,,,,,,,
RNWCX,American Funds New World Fund,Fund,,,,2013-04-08 00:00:00-04:00,,,,(213) 486-9200,,,,,,,,,,,
RNWFX,American Funds New World Fund Class R-5,Fund,,,,2013-04-08 00:00:00-04:00,,,,(213) 486-9200,,,,,,,,,,,
CNWAX,American Funds New World Fund Class 529-A,Fund,,,,2013-04-08 00:00:00-04:00,,,,(213) 486-9200,,,,,,,,,,,
RNWBX,American Funds New World Fund,Fund,,,,2013-04-08 00:00:00-04:00,,,,(213) 486-9200,,,,,,,,,,,
FWWNX,American Funds New World Fund,Fund,,,,2020-10-30 00:00:00-04:00,,,,(213) 486-9200,,,,,,,,,,,
CNWCX,American Funds New World Fund Class 529-C,Fund,,,,2013-04-08 00:00:00-04:00,,,,(213) 486-9200,,,,,,,,,,,
RNEBX,American Funds New World Fund,Fund,,,,2014-08-29 00:00:00-04:00,,,,(213) 486-9200,,,,,,,,,,,
RNWAX,American Funds New World Fund,Fund,,,,2013-04-08 00:00:00-04:00,,,,(213) 486-9200,,,,,,,,,,,
FNFWX,American Funds New World Fund,Fund,,,,2020-10-30 00:00:00-04:00,,,,(213) 486-9200,,,,,,,,,,,
CNWFX,American Funds New World Fund Class 529-F,Fund,,,,2013-04-08 00:00:00-04:00,,,,(213) 486-9200,,,,,,,,,,,
FNWFX,American Funds New World Fund,Fund,,,,2017-01-27 00:00:00-05:00,,,,(213) 486-9200,,,,,,,,,,,
NFFFX,American Funds New World Fund,Fund,,,,2013-04-08 00:00:00-04:00,,,,(213) 486-9200,,,,,,,,,,,
NEWFX,American Funds New World Fund Class A,Fund,,,,2013-04-08 00:00:00-04:00,,,,(213) 486-9200,,,,,,,,,,,
RNWEX,American Funds - New World Fund Inc Class R-4 Shares,Fund,,,,2013-04-08 00:00:00-04:00,,,,,,,,,,,,,,,
NWFFX,American Funds New World Fund Class F-1,Fund,,,,2013-04-08 00:00:00-04:00,,,,(213) 486-9200,,,,,,,,,,,
RNWHX,American Funds New World Fund Class R-5E,Fund,,,,2015-11-20 00:00:00-05:00,,,,(213) 486-9200,,,,,,,,,,,
NEWCX,American Funds New World Fund Class C,Fund,,,,2013-04-08 00:00:00-04:00,,,,(213) 486-9200,,,,,,,,,,,
RNWGX,American Funds New World Fund Class R-6,Fund,,,,2013-04-08 00:00:00-04:00,,,,(213) 486-9200,,,,,,,,,,,
TRAIX,T. Rowe Price Capital Appreciation Fund,Fund,,,,2015-12-17 00:00:00-05:00,,,,,,,,,,,,,,,
PACLX,T. Rowe Price Capital Appreciation Fund,Fund,,,,2013-04-08 00:00:00-04:00,,,,,,,,,,,,,,,
PRWCX,T. Rowe Price Capital Appreciation Fund,Fund,,,,2013-04-08 00:00:00-04:00,,,,,,,,,,,,,,,
FRGLX,First Eagle Global Fund Class R5,Fund,,,,2019-07-30 00:00:00-04:00,,,,,,,,,,,,,,,
EAGRX,First Eagle Global Fund Class R4,Fund,,,,2018-01-18 00:00:00-05:00,,,,,,,,,,,,,,,
FESGX,First Eagle Global Fund Class C,Fund,,,,2013-04-08 00:00:00-04:00,,,,,,,,,,,,,,,
FEGRX,First Eagle Global Fund Class R6,Fund,,,,2017-03-01 00:00:00-05:00,,,,,,,,,,,,,,,
SGENX,First Eagle Global Fund,Fund,,,,2013-04-08 00:00:00-04:00,,,,,,,,,,,,,,,
EARGX,First Eagle Global Fund Class R3,Fund,,,,2018-05-02 00:00:00-04:00,,,,,,,,,,,,,,,
SGIIX,First Eagle Global Fund,Fund,,,,2013-04-08 00:00:00-04:00,,,,,,,,,,,,,,,
JLGRX,JPMorgan Large Cap Growth Fund,Fund,,,,2013-04-08 00:00:00-04:00,,,,(800) 480-4111,,,,,,,,,,,
OLGAX,JPMorgan Large Cap Growth Fund,Fund,,,,2013-04-08 00:00:00-04:00,,,,(800) 480-4111,,,,,,,,,,,
JLGZX,JPMorgan Large Cap Growth Fund,Fund,,,,2013-04-08 00:00:00-04:00,,,,(800) 480-4111,,,,,,,,,,,
OLGCX,JPMorgan Large Cap Growth Fund Class C,Fund,,,,2013-04-08 00:00:00-04:00,,,,(800) 480-4111,,,,,,,,,,,
JLGPX,JPMorgan Large Cap Growth Fund,Fund,,,,2016-09-09 00:00:00-04:00,,,,(800) 480-4111,,,,,,,,,,,
JLGMX,JPMorgan Large Cap Growth Fund,Fund,,,,2013-04-08 00:00:00-04:00,,,,(800) 480-4111,,,,,,,,,,,
JLGQX,JPMorgan Large Cap Growth Fund,Fund,,,,2016-09-09 00:00:00-04:00,,,,(800) 480-4111,,,,,,,,,,,
SEEGX,JPMorgan Large Cap Growth Fund I Class,Fund,,,,2013-04-08 00:00:00-04:00,,,,(800) 480-4111,,,,,,,,,,,
FDGRX,Fidelity Growth Company Fund,Fund,,,,2013-04-08 00:00:00-04:00,,,,,,,,,,,,,,,
QQQ,Invesco QQQ Trust,ETF,,,,2013-04-08 00:00:00-04:00,,,,,,,,,,,,,,,
VTIP,Vanguard Short-Term Inflation-Protected Securities Index Fund,ETF,,,,2013-04-08 00:00:00-04:00,,,,,,,,,,,,,,,
VCSH,Vanguard Short-Term Corporate Bond Index Fund,ETF,,,,2013-04-08 00:00:00-04:00,,,,,,,,,,,,,,,
VCIT,Vanguard Intermediate-Term Corporate Bond Index Fund,ETF,,,,2013-04-08 00:00:00-04:00,,,,,,,,,,,,,,,
IEF,iShares 7-10 Year Treasury Bond ETF,ETF,,,,2013-04-08 00:00:00-04:00,,,,1-800-474-2737,,,,,,,,,,,
MBB,iShares MBS ETF,ETF,,,,2013-04-08 00:00:00-04:00,,,,1-800-474-2737,,,,,,,,,,,
VGSH,Vanguard Short-Term Treasury Index Fund,ETF,,,,2013-04-08 00:00:00-04:00,,,,,,,,,,,,,,,
IGSB,iShares 1-5 Year Investment Grade Corporate Bond ETF,ETF,,,,2013-04-08 00:00:00-04:00,,,,1-800-474-2737,,,,,,,,,,,
DVY,iShares Select Dividend ETF,ETF,,,,2013-04-08 00:00:00-04:00,,,,1-800-474-2737,,,,,,,,,,,
VGIT,Vanguard Intermediate-Term Treasury Index Fund,ETF,,,,2013-04-08 00:00:00-04:00,,,,,,,,,,,,,,,
VMBS,Vanguard Mortgage-Backed Securities Index Fund,ETF,,,,2013-04-08 00:00:00-04:00,,,,,,,,,,,,,,,
ESGU,iShares ESG Aware MSCI USA ETF,ETF,,,,2016-12-06 00:00:00-05:00,,,,1-800-474-2737,,,,,,,,,,,
VONG,Vanguard Russell 1000 Growth Index Fund,ETF,,,,2013-04-08 00:00:00-04:00,,,,,,,,,,,,,,,
IUSV,iShares Core S&P U.S. Value ETF,ETF,,,,2013-04-08 00:00:00-04:00,,,,1-800-474-2737,,,,,,,,,,,
IUSG,iShares Core S&P U.S. Growth ETF,ETF,,,,2013-04-08 00:00:00-04:00,,,,1-800-474-2737,,,,,,,,,,,
IEI,iShares 3-7 Year Treasury Bond ETF,ETF,,,,2013-04-08 00:00:00-04:00,,,,1-800-474-2737,,,,,,,,,,,
FTCS,First Trust Capital Strength ETF,ETF,,,,2013-04-08 00:00:00-04:00,,,,630-241-4141,,,,,,,,,,,
DGRW,WisdomTree U.S. Quality Dividend Growth Fund,ETF,,,,2013-05-22 00:00:00-04:00,,,,866-909-9473,,,,,,,,,,,
SMH,VanEck Semiconductor ETF,ETF,,,,2013-04-08 00:00:00-04:00,,,,888-658-8287,,,,,,,,,,,
RDVY,First Trust Rising Dividend Achievers ETF,ETF,,,,2014-01-07 00:00:00-05:00,,,,,,,,,,,,,,,
SOXX,iShares Semiconductor ETF,ETF,,,,2013-04-08 00:00:00-04:00,,,,1-800-474-2737,,,,,,,,,,,
ESGD,iShares ESG Aware MSCI EAFE ETF,ETF,,,,2016-08-25 00:00:00-04:00,,,,1-800-474-2737,,,,,,,,,,,
VYMI,Vanguard International High Dividend Yield Fund,ETF,,,,2016-03-02 00:00:00-05:00,,,,,,,,,,,,,,,
PDBC,Invesco Optimum Yield Diversified Commodity Strategy No K-1 ETF,ETF,,,,2014-11-07 00:00:00-05:00,,,,(800) 983-0903,,,,,,,,,,,
VONE,Vanguard Russell 1000 Index Fund,ETF,,,,2013-04-08 00:00:00-04:00,,,,,,,,,,,,,,,
CIBR,First Trust NASDAQ Cybersecurity ETF,ETF,,,,2015-07-07 00:00:00-04:00,,,,630-241-4141,,,,,,,,,,,
LMBS,First Trust Low Duration Opportunities ETF,ETF,,,,2014-11-05 00:00:00-05:00,,,,,,,,,,,,,,,
ONEQ,Fidelity Nasdaq Composite Index ETF,ETF,,,,2013-04-08 00:00:00-04:00,,,,,,,,,,,,,,,
EMXC,iShares MSCI Emerging Markets ex China ETF,ETF,,,,2017-07-26 00:00:00-04:00,,,,,,,,,,,,,,,
FV,First Trust Dorsey Wright Focus 5 ETF,ETF,,,,2014-03-06 00:00:00-05:00,,,,,,,,,,,,,,,
SLQD,iShares 0-5 Year Investment Grade Corporate Bond ETF,ETF,,,,2013-10-17 00:00:00-04:00,,,,1-800-474-2737,,,,,,,,,,,
ANGL,VanEck Fallen Angel High Yield Bond ETF,ETF,,,,2013-04-08 00:00:00-04:00,,,,888-658-8287,,,,,,,,,,,
FTSL,First Trust Senior Loan Fund,ETF,,,,2013-05-02 00:00:00-04:00,,,,,,,,,,,,,,,
PRFZ,Invesco FTSE RAFI US 1500 Small-Mid ETF,ETF,,,,2013-04-08 00:00:00-04:00,,,,,,,,,,,,,,,
CDC,VictoryShares US EQ Income Enhanced Volatility Wtd ETF,ETF,,,,2014-07-02 00:00:00-04:00,,,,,,,,,,,,,,,
PHO,Invesco Water Resources ETF,ETF,,,,2013-04-08 00:00:00-04:00,,,,,,,,,,,,,,,
FALN,iShares Fallen Angels USD Bond ETF,ETF,,,,2016-06-21 00:00:00-04:00,,,,1-800-474-2737,,,,,,,,,,,
PEY,Invesco High Yield Equity Dividend Achievers ETF,ETF,,,,2013-04-08 00:00:00-04:00,,,,,,,,,,,,,,,
QQEW,First Trust NASDAQ-100 Equal Weighted Index Fund,ETF,,,,2013-04-08 00:00:00-04:00,,,,630-241-4141,,,,,,,,,,,
UITB,VictoryShares USAA Core Intermediate-Term Bond ETF,ETF,,,,2017-10-27 00:00:00-04:00,,,,,,,,,,,,,,,
SDVY,First Trust SMID Cap Rising Dividend Achievers ETF,ETF,,,,2017-11-03 00:00:00-04:00,,,,,,,,,,,,,,,
PID,Invesco International Dividend Achievers ETF,ETF,,,,2013-04-08 00:00:00-04:00,,,,,,,,,,,,,,,
PKW,Invesco BuyBack Achievers ETF,ETF,,,,2013-04-08 00:00:00-04:00,,,,,,,,,,,,,,,
FTXL,First Trust Nasdaq Semiconductor ETF,ETF,,,,2016-09-21 00:00:00-04:00,,,,,,,,,,,,,,,
FNX,First Trust Mid Cap Core AlphaDEX Fund,ETF,,,,2013-04-08 00:00:00-04:00,,,,,,,,,,,,,,,
SUSB,iShares ESG 1-5 Year USD Corporate Bond ETF,ETF,,,,2017-07-18 00:00:00-04:00,,,,1-800-474-2737,,,,,,,,,,,
FYX,First Trust Small Cap Core AlphaDEX Fund,ETF,,,,2013-04-08 00:00:00-04:00,,,,,,,,,,,,,,,
PTNQ,Pacer Trendpilot 100 ETF,ETF,,,,2015-06-12 00:00:00-04:00,,,,(610) 644-8100,,,,,,,,,,,
PLW,Invesco 1-30 Laddered Treasury ETF,ETF,,,,2013-04-08 00:00:00-04:00,,,,,,,,,,,,,,,
QQQE,Direxion NASDAQ-100 Equal Weighted Index Shares,ETF,,,,2013-04-08 00:00:00-04:00,,,,866-476-7523,,,,,,,,,,,
DWAS,Invesco DWA SmallCap Momentum ETF,ETF,,,,2013-04-08 00:00:00-04:00,,,,,,,,,,,,,,,
VRIG,Invesco Variable Rate Investment Grade ETF,ETF,,,,2016-09-22 00:00:00-04:00,,,,,,,,,,,,,,,
IMCV,iShares Morningstar Mid-Cap Value ETF,ETF,,,,2013-04-08 00:00:00-04:00,,,,1-800-474-2737,,,,,,,,,,,
USTB,VictoryShares USAA Core Short-Term Bond ETF,ETF,,,,2017-10-27 00:00:00-04:00,,,,,,,,,,,,,,,
BSJP,Invesco BulletShares 2025 High Yield Corporate Bond ETF,ETF,,,,2017-09-27 00:00:00-04:00,,,,(800) 983-0903,,,,,,,,,,,
SDG,iShares MSCI Global Impact ETF,ETF,,,,2016-04-22 00:00:00-04:00,,,,1-800-474-2737,,,,,,,,,,,
CSB,VictoryShares US Small Cap High Div Volatility Wtd ETF,ETF,,,,2015-07-29 00:00:00-04:00,,,,,,,,,,,,,,,
CDL,VictoryShares US Large Cap High Div Volatility Wtd ETF,ETF,,,,2015-07-08 00:00:00-04:00,,,,,,,,,,,,,,,
KBWP,Invesco KBW Property & Casualty Insurance ETF,ETF,,,,2013-04-08 00:00:00-04:00,,,,,,,,,,,,,,,
AIRR,First Trust RBA American Industrial RenaissanceTM ETF,ETF,,,,2014-03-11 00:00:00-04:00,,,,,,,,,,,,,,,
PSCT,Invesco S&P SmallCap Information Technology ETF,ETF,,,,2013-04-08 00:00:00-04:00,,,,,,,,,,,,,,,
FTXN,First Trust Nasdaq Oil & Gas ETF,ETF,,,,2016-09-23 00:00:00-04:00,,,,,,,,,,,,,,,
FEMS,First Trust Emerging Markets Small Cap AlphaDEX Fund,ETF,,,,2013-04-08 00:00:00-04:00,,,,(800) 621-1675,,,,,,,,,,,
TUR,iShares MSCI Turkey ETF,ETF,,,,2013-04-08 00:00:00-04:00,,,,,,,,,,,,,,,
PTF,Invesco DWA Technology Momentum ETF,ETF,,,,2013-04-08 00:00:00-04:00,,,,,,,,,,,,,,,
SKOR,FlexShares Credit-Scored US Corporate Bond Index Fund,ETF,,,,2014-11-13 00:00:00-05:00,,,,1-855-353-9383,,,,,,,,,,,
VSDA,VictoryShares Dividend Accelerator ETF,ETF,,,,2017-04-18 00:00:00-04:00,,,,,,,,,,,,,,,
EWJV,iShares MSCI Japan Value ETF,ETF,,,,2019-03-07 00:00:00-05:00,,,,1-800-474-2737,,,,,,,,,,,
PSC,Principal U.S. Small-Cap Multi-Factor ETF,ETF,,,,2016-09-22 00:00:00-04:00,,,,515-235-9328,,,,,,,,,,,
FYT,First Trust Small Cap Value AlphaDEX Fund,ETF,,,,2013-04-08 00:00:00-04:00,,,,,,,,,,,,,,,
PTH,Invesco DWA Healthcare Momentum ETF,ETF,,,,2013-04-08 00:00:00-04:00,,,,,,,,,,,,,,,
IUS,Invesco RAFI Strategic US ETF,ETF,,,,2018-09-12 00:00:00-04:00,,,,(800) 983-0903,,,,,,,,,,,
HYZD,WisdomTree Interest Rate Hedged High Yield Bond Fund,ETF,,,,2013-12-18 00:00:00-05:00,,,,866-909-9473,,,,,,,,,,,
QQXT,First Trust NASDAQ-100 Ex-Technology Sector Index Fund,ETF,,,,2013-04-08 00:00:00-04:00,,,,630-241-4141,,,,,,,,,,,
RTH,VanEck Retail ETF,ETF,,,,2013-04-08 00:00:00-04:00,,,,888-658-8287,,,,,,,,,,,
DALI,First Trust Dorsey Wright DALI 1 ETF,ETF,,,,2018-05-15 00:00:00-04:00,,,,,,,,,,,,,,,
PRN,Invesco DWA Industrials Momentum ETF,ETF,,,,2013-04-08 00:00:00-04:00,,,,,,,,,,,,,,,
FCAL,First Trust California Municipal High Income ETF,ETF,,,,2017-06-27 00:00:00-04:00,,,,(800) 621-1675,,,,,,,,,,,
ADRE,Invesco BLDRS Emerging Markets 50 ADR Index Fund,ETF,,,,2013-04-08 00:00:00-04:00,,,,800.983.0903,,,,,,,,,,,
NFTY,First Trust India NIFTY 50 Equal Weight ETF,ETF,,,,2013-04-08 00:00:00-04:00,,,,(800) 621-1675,,,,,,,,,,,
IPKW,Invesco International BuyBack Achievers ETF,ETF,,,,2014-02-27 00:00:00-05:00,,,,,,,,,,,,,,,
FLN,First Trust Latin America AlphaDEX Fund,ETF,,,,2013-04-08 00:00:00-04:00,,,,(800) 621-1675,,,,,,,,,,,
BLCN,Siren Nasdaq NexGen Economy ETF,ETF,,,,2018-01-17 00:00:00-05:00,,,,(215) 914-1970,,,,,,,,,,,
PSCI,Invesco S&P SmallCap Industrials ETF,ETF,,,,2013-04-08 00:00:00-04:00,,,,,,,,,,,,,,,
PSCC,Invesco S&P SmallCap Consumer Staples ETF,ETF,,,,2013-04-08 00:00:00-04:00,,,,,,,,,,,,,,,
ISDX,Invesco RAFI Strategic Developed ex-US ETF,ETF,,,,2018-09-10 00:00:00-04:00,,,,(800) 983-0903,,,,,,,,,,,
EMCB,WisdomTree Emerging Markets Corporate Bond Fund,ETF,,,,2013-04-08 00:00:00-04:00,,,,866-909-9473,,,,,,,,,,,
IUSS,Invesco RAFI Strategic US Small Company ETF,ETF,,,,2018-09-10 00:00:00-04:00,,,,(800) 983-0903,,,,,,,,,,,
PSET,Principal Quality ETF,ETF,,,,2016-03-22 00:00:00-04:00,,,,515-235-9328,,,,,,,,,,,
BSDE,Invesco BulletShares (R) 2024 Emerging Markets Debt ETF,ETF,,,,2018-10-02 00:00:00-04:00,,,,(800) 983-0903,,,,,,,,,,,
PSCD,Invesco S&P SmallCap Consumer Discretionary ETF,ETF,,,,2013-04-08 00:00:00-04:00,,,,,,,,,,,,,,,
RNSC,First Trust Small Cap US Equity Select ETF,ETF,,,,2017-06-26 00:00:00-04:00,,,,,,,,,,,,,,,
CSA,VictoryShares US Small Cap Volatility Wtd ETF,ETF,,,,2015-07-08 00:00:00-04:00,,,,,,,,,,,,,,,
BSCE,Invesco BulletShares (R) 2023 USD Emerging Markets Debt ETF,ETF,,,,2018-10-02 00:00:00-04:00,,,,(800) 983-0903,,,,,,,,,,,
RNDV,First Trust US Equity Dividend Select ETF,ETF,,,,2017-06-26 00:00:00-04:00,,,,,,,,,,,,,,,
SQLV,Royce Quant Small-Cap Quality Value ETF,ETF,,,,2017-07-13 00:00:00-04:00,,,,,,,,,,,,,,,
DXJS,WisdomTree Japan Hedged SmallCap Equity Fund,ETF,,,,2013-06-28 00:00:00-04:00,,,,866-909-9473,,,,,,,,,,,
BFIT,Global X Health & Wellness ETF,ETF,,,,2016-05-10 00:00:00-04:00,,,,+1 8884938631,,,,,,,,,,,
ISEM,Invesco RAFI Strategic Emerging Markets ETF,ETF,,,,2018-09-10 00:00:00-04:00,,,,(800) 983-0903,,,,,,,,,,,
MFLX,First Trust Flexible Municipal High Income ETF,ETF,,,,2016-09-29 00:00:00-04:00,,,,,,,,,,,,,,,
GC=F,Gold,Commodity,,,,2013-04-09 00:00:00-04:00,,,,,,,,,,,,,,,
SI=F,Silver,Commodity,,,,2013-04-09 00:00:00-04:00,,,,,,,,,,,,,,,
CL=F,Crude oil,Commodity,,,,2013-04-09 00:00:00-04:00,,,,,,,,,,,,,,,
BZ=F,Brent crude oil,Commodity,,,,2013-04-09 00:00:00-04:00,,,,,,,,,,,,,,,
NG=F,Natural gas,Commodity,,,,2013-04-09 00:00:00-04:00,,,,,,,,,,,,,,,
HO=F,Heating oil,Commodity,,,,2013-04-09 00:00:00-04:00,,,,,,,,,,,,,,,
HG=F,Copper,Commodity,,,,2013-04-09 00:00:00-04:00,,,,,,,,,,,,,,,
PL=F,Platinum,Commodity,,,,2013-04-09 00:00:00-04:00,,,,,,,,,,,,,,,
PA=F,Palladium,Commodity,,,,2013-04-09 00:00:00-04:00,,,,,,,,,,,,,,,
ZC=F,Corn,Commodity,,,,2013-04-09 00:00:00-04:00,,,,,,,,,,,,,,,
ZS=F,Soybeans,Commodity,,,,2013-04-09 00:00:00-04:00,,,,,,,,,,,,,,,
ZW=F,Wheat,Commodity,,,,2013-04-09 00:00:00-04:00,,,,,,,,,,,,,,,
KC=F,Coffee,Commodity,,,,2013-04-09 00:00:00-04:00,,,,,,,,,,,,,,,
SB=F,Sugar,Commodity,,,,2013-04-09 00:00:00-04:00,,,,,,,,,,,,,,,
CC=F,Cocoa,Commodity,,,,2013-04-09 00:00:00-04:00,,,,,,,,,,,,,,,
CT=F,Cotton,Commodity,,,,2013-04-09 00:00:00-04:00,,,,,,,,,,,,,,,
HE=F,Lean hogs,Commodity,,,,2013-04-09 00:00:00-04:00,,,,,,,,,,,,,,,
LE=F,Live cattle,Commodity,,,,2013-04-09 00:00:00-04:00,,,,,,,,,,,,,,,
GF=F,Feeder cattle,Commodity,,,,2013-04-09 00:00:00-04:00,,,,,,,,,,,,,,,
LB=F,Lumber,Commodity,,,,2020-08-21 00:00:00-04:00,,,,,,,,,,,,,,,
EURUSD=X,EUR/USD,Forex,,,,2013-04-08 00:00:00+01:00,,,,,,,,,,,,,,,
JPY=X,USD/JPY,Forex,,,,2013-04-08 00:00:00+01:00,,,,,,,,,,,,,,,
GBPUSD=X,USD/GBP,Forex,,,,2013-04-08 00:00:00+01:00,,,,,,,,,,,,,,,
AUDUSD=X,USD/AUD,Forex,,,,2013-04-08 00:00:00+01:00,,,,,,,,,,,,,,,
NZDUSD=X,USD/NZD,Forex,,,,2013-04-08 00:00:00+01:00,,,,,,,,,,,,,,,
EURJPY=X,EUR/JPY,Forex,,,,2013-04-08 00:00:00+01:00,,,,,,,,,,,,,,,
GBPJPY=X,GBP/JPY,Forex,,,,2013-04-08 00:00:00+01:00,,,,,,,,,,,,,,,
EURGBP=X,EUR/GBP,Forex,,,,2013-04-08 00:00:00+01:00,,,,,,,,,,,,,,,
EURCAD=X,EUR/CAD,Forex,,,,2013-04-08 00:00:00+01:00,,,,,,,,,,,,,,,
EURSEK=X,EUR/SEK,Forex,,,,2013-04-08 00:00:00+01:00,,,,,,,,,,,,,,,
EURCHF=X,EUR/CHF,Forex,,,,2013-04-08 00:00:00+01:00,,,,,,,,,,,,,,,
EURHUF=X,EUR/HUF,Forex,,,,2013-04-08 00:00:00+01:00,,,,,,,,,,,,,,,
EURJPY=X,EUR/JPY,Forex,,,,2013-04-08 00:00:00+01:00,,,,,,,,,,,,,,,
CNY=X,USD/CNY,Forex,,,,2013-04-08 00:00:00+01:00,,,,,,,,,,,,,,,
HKD=X,USD/HKD,Forex,,,,2013-04-08 00:00:00+01:00,,,,,,,,,,,,,,,
SGD=X,USD/SGD,Forex,,,,2013-04-08 00:00:00+01:00,,,,,,,,,,,,,,,
INR=X,USD/INR,Forex,,,,2013-04-08 00:00:00+01:00,,,,,,,,,,,,,,,
MXN=X,USD/MXN,Forex,,,,2013-04-08 00:00:00+01:00,,,,,,,,,,,,,,,
PHP=X,USD/PHP,Forex,,,,2013-04-08 00:00:00+01:00,,,,,,,,,,,,,,,
IDR=X,USD/IDR,Forex,,,,2013-04-08 00:00:00+01:00,,,,,,,,,,,,,,,
THB=X,USD/THB,Forex,,,,2013-04-08 00:00:00+01:00,,,,,,,,,,,,,,,
MYR=X,USD/MYR,Forex,,,,2013-04-08 00:00:00+01:00,,,,,,,,,,,,,,,
ZAR=X,USD/ZAR,Forex,,,,2013-04-08 00:00:00+01:00,,,,,,,,,,,,,,,
RUB=X,USD/RUB,Forex,,,,2013-04-08 00:00:00+01:00,,,,,,,,,,,,,,,
VIX230621C00030000,I:VIX Jun 2023 30.000 call,Option,,,,2022-10-03 00:00:00-04:00,,,,,,,,,,,,,,,
VIX230621C00040000,I:VIX Jun 2023 40.000 call,Option,,,,2022-10-03 00:00:00-04:00,,,,,,,,,,,,,,,
HYG230421P00072000,HYG Apr 2023 72.000 put,Option,,,,2022-06-10 00:00:00-04:00,,,,,,,,,,,,,,,
QQQ230616P00240000,QQQ Jun 2023 240.000 put,Option,,,,2022-01-11 00:00:00-05:00,,,,,,,,,,,,,,,
HYG230421P00060000,HYG Apr 2023 60.000 put,Option,,,,2022-09-26 00:00:00-04:00,,,,,,,,,,,,,,,
VIX230419C00030000,I:VIX Apr 2023 30.000 call,Option,,,,2022-08-01 00:00:00-04:00,,,,,,,,,,,,,,,
VIX230517C00050000,I:VIX May 2023 50.000 call,Option,,,,2022-08-31 00:00:00-04:00,,,,,,,,,,,,,,,
AMC230421P00002000,AMC Apr 2023 2.000 put,Option,,,,2022-12-27 00:00:00-05:00,,,,,,,,,,,,,,,
ATVI240119P00085000,ATVI Jan 2024 85.000 put,Option,,,,2021-10-06 00:00:00-04:00,,,,,,,,,,,,,,,
VIX230419C00025000,I:VIX Apr 2023 25.000 call,Option,,,,2022-08-01 00:00:00-04:00,,,,,,,,,,,,,,,
HYG230616P00072000,HYG Jun 2023 72.000 put,Option,,,,2022-09-29 00:00:00-04:00,,,,,,,,,,,,,,,
HYG230421P00071000,HYG Apr 2023 71.000 put,Option,,,,2022-07-26 00:00:00-04:00,,,,,,,,,,,,,,,
HYG230421P00069000,HYG Apr 2023 69.000 put,Option,,,,2022-05-04 00:00:00-04:00,,,,,,,,,,,,,,,
HYG230421P00073000,HYG Apr 2023 73.000 put,Option,,,,2022-10-06 00:00:00-04:00,,,,,,,,,,,,,,,
VIX230517C00030000,I:VIX May 2023 30.000 call,Option,,,,2022-08-29 00:00:00-04:00,,,,,,,,,,,,,,,
HYG230616P00066000,HYG Jun 2023 66.000 put,Option,,,,2022-09-29 00:00:00-04:00,,,,,,,,,,,,,,,
EEM230616C00047000,EEM Jun 2023 47.000 call,Option,,,,2022-07-28 00:00:00-04:00,,,,,,,,,,,,,,,
SPY230421P00385000,SPY Apr 2023 385.000 put,Option,,,,2022-11-07 00:00:00-05:00,,,,,,,,,,,,,,,
IWM230421P00170000,IWM Apr 2023 170.000 put,Option,,,,2023-01-17 00:00:00-05:00,,,,,,,,,,,,,,,
VIX230419P00021000,I:VIX Apr 2023 21.000 put,Option,,,,2022-08-01 00:00:00-04:00,,,,,,,,,,,,,,,
HYG230421P00074000,HYG Apr 2023 74.000 put,Option,,,,2022-06-24 00:00:00-04:00,,,,,,,,,,,,,,,
AMC230421C00010000,AMC Apr 2023 10.000 call,Option,,,,2022-12-19 00:00:00-05:00,,,,,,,,,,,,,,,
HYG230421P00070000,HYG Apr 2023 70.000 put,Option,,,,2022-05-25 00:00:00-04:00,,,,,,,,,,,,,,,
SPY230421P00360000,SPY Apr 2023 360.000 put,Option,,,,2022-11-07 00:00:00-05:00,,,,,,,,,,,,,,,
HYG230616P00069000,HYG Jun 2023 69.000 put,Option,,,,2022-08-22 00:00:00-04:00,,,,,,,,,,,,,,,
HYG230616P00070000,HYG Jun 2023 70.000 put,Option,,,,2022-08-02 00:00:00-04:00,,,,,,,,,,,,,,,
VIX230419C00035000,I:VIX Apr 2023 35.000 call,Option,,,,2022-08-01 00:00:00-04:00,,,,,,,,,,,,,,,
SLV230915C00030000,SLV Sep 2023 30.000 call,Option,,,,2021-08-03 00:00:00-04:00,,,,,,,,,,,,,,,
GLD230616C00200000,GLD Jun 2023 200.000 call,Option,,,,2021-12-27 00:00:00-05:00,,,,,,,,,,,,,,,
VIX230719C00060000,I:VIX Jul 2023 60.000 call,Option,,,,2022-11-07 00:00:00-05:00,,,,,,,,,,,,,,,
QQQ230915P00285000,QQQ Sep 2023 285.000 put,Option,,,,2022-08-01 00:00:00-04:00,,,,,,,,,,,,,,,
SLV240119C00021000,SLV Jan 2024 21.000 call,Option,,,,2021-09-20 00:00:00-04:00,,,,,,,,,,,,,,,
AAL250117P00005000,AAL Jan 2025 5.000 put,Option,,,,2022-09-14 00:00:00-04:00,,,,,,,,,,,,,,,
TEVA230616P00009000,TEVA Jun 2023 9.000 put,Option,,,,2022-09-30 00:00:00-04:00,,,,,,,,,,,,,,,
SPY230421P00370000,SPY Apr 2023 370.000 put,Option,,,,2022-11-07 00:00:00-05:00,,,,,,,,,,,,,,,
HYG230519P00068000,HYG May 2023 68.000 put,Option,,,,2022-10-18 00:00:00-04:00,,,,,,,,,,,,,,,
VIX230419P00018000,I:VIX Apr 2023 18.000 put,Option,,,,2022-08-10 00:00:00-04:00,,,,,,,,,,,,,,,
EEM231215C00047000,EEM Dec 2023 47.000 call,Option,,,,2021-12-22 00:00:00-05:00,,,,,,,,,,,,,,,
AMC230616P00002000,AMC Jun 2023 2.000 put,Option,,,,2022-10-03 00:00:00-04:00,,,,,,,,,,,,,,,
IWM230616P00170000,IWM Jun 2023 170.000 put,Option,,,,2022-01-19 00:00:00-05:00,,,,,,,,,,,,,,,
XLF230421P00029000,XLF Apr 2023 29.000 put,Option,,,,2023-01-23 00:00:00-05:00,,,,,,,,,,,,,,,
EEM230616P00035000,EEM Jun 2023 35.000 put,Option,,,,2022-03-17 00:00:00-04:00,,,,,,,,,,,,,,,
AMC240119C00008000,AMC Jan 2024 8.000 call,Option,,,,2022-08-24 00:00:00-04:00,,,,,,,,,,,,,,,
CCL230616P00004000,CCL Jun 2023 4.000 put,Option,,,,2022-10-03 00:00:00-04:00,,,,,,,,,,,,,,,
HYG230616P00060000,HYG Jun 2023 60.000 put,Option,,,,2022-07-11 00:00:00-04:00,,,,,,,,,,,,,,,
AAL240119P00010000,AAL Jan 2024 10.000 put,Option,,,,2021-10-06 00:00:00-04:00,,,,,,,,,,,,,,,
NKLA230421P00002000,NKLA Apr 2023 2.000 put,Option,,,,2022-09-12 00:00:00-04:00,,,,,,,,,,,,,,,
VIX230419P00020000,I:VIX Apr 2023 20.000 put,Option,,,,2022-08-01 00:00:00-04:00,,,,,,,,,,,,,,,
HYG230519P00072000,HYG May 2023 72.000 put,Option,,,,2022-09-06 00:00:00-04:00,,,,,,,,,,,,,,,
LQD230421P00104000,LQD Apr 2023 104.000 put,Option,,,,2023-01-03 00:00:00-05:00,,,,,,,,,,,,,,,
INVZ240119P00005000,INVZ Jan 2024 5.000 put,Option,,,,2021-09-27 00:00:00-04:00,,,,,,,,,,,,,,,
VIX230517C00024000,I:VIX May 2023 24.000 call,Option,,,,2022-09-02 00:00:00-04:00,,,,,,,,,,,,,,,
EEM230421P00037000,EEM Apr 2023 37.000 put,Option,,,,2023-01-17 00:00:00-05:00,,,,,,,,,,,,,,,
VIX230419P00019000,I:VIX Apr 2023 19.000 put,Option,,,,2022-08-11 00:00:00-04:00,,,,,,,,,,,,,,,
SPY230421P00390000,SPY Apr 2023 390.000 put,Option,,,,2022-11-07 00:00:00-05:00,,,,,,,,,,,,,,,
EEM230421C00040000,EEM Apr 2023 40.000 call,Option,,,,2023-01-17 00:00:00-05:00,,,,,,,,,,,,,,,
SLV240119C00037000,SLV Jan 2024 37.000 call,Option,,,,2021-10-28 00:00:00-04:00,,,,,,,,,,,,,,,
HYG230616P00075000,HYG Jun 2023 75.000 put,Option,,,,2022-07-11 00:00:00-04:00,,,,,,,,,,,,,,,
HYG230519P00073000,HYG May 2023 73.000 put,Option,,,,2022-07-20 00:00:00-04:00,,,,,,,,,,,,,,,
AMC230616P00003000,AMC Jun 2023 3.000 put,Option,,,,2022-09-12 00:00:00-04:00,,,,,,,,,,,,,,,
SLV240119C00042000,SLV Jan 2024 42.000 call,Option,,,,2022-04-19 00:00:00-04:00,,,,,,,,,,,,,,,
HYG230421P00068000,HYG Apr 2023 68.000 put,Option,,,,2022-05-19 00:00:00-04:00,,,,,,,,,,,,,,,
AMC230616P00006000,AMC Jun 2023 6.000 put,Option,,,,2022-09-26 00:00:00-04:00,,,,,,,,,,,,,,,
HYG230519P00070000,HYG May 2023 70.000 put,Option,,,,2022-08-11 00:00:00-04:00,,,,,,,,,,,,,,,
BBBY230421C00040000,BBBY Apr 2023 40.000 call,Option,,,,2022-08-22 00:00:00-04:00,,,,,,,,,,,,,,,
VIX230419C00040000,I:VIX Apr 2023 40.000 call,Option,,,,2022-08-01 00:00:00-04:00,,,,,,,,,,,,,,,
SLV240119P00021000,SLV Jan 2024 21.000 put,Option,,,,2021-09-20 00:00:00-04:00,,,,,,,,,,,,,,,
HYG230421C00076000,HYG Apr 2023 76.000 call,Option,,,,2022-11-18 00:00:00-05:00,,,,,,,,,,,,,,,
SPY230421P00380000,SPY Apr 2023 380.000 put,Option,,,,2022-11-10 00:00:00-05:00,,,,,,,,,,,,,,,
HYG230519C00076000,HYG May 2023 76.000 call,Option,,,,2022-09-22 00:00:00-04:00,,,,,,,,,,,,,,,
XLF230421P00031000,XLF Apr 2023 31.000 put,Option,,,,2023-01-24 00:00:00-05:00,,,,,,,,,,,,,,,
VIX230419C00024000,I:VIX Apr 2023 24.000 call,Option,,,,2022-08-02 00:00:00-04:00,,,,,,,,,,,,,,,
AMC230421P00010000,AMC Apr 2023 10.000 put,Option,,,,2022-12-20 00:00:00-05:00,,,,,,,,,,,,,,,
EEM230519C00043000,EEM May 2023 43.000 call,Option,,,,2023-01-17 00:00:00-05:00,,,,,,,,,,,,,,,
EEM230915P00038000,EEM Sep 2023 38.000 put,Option,,,,2022-12-02 00:00:00-05:00,,,,,,,,,,,,,,,
HYG230616P00074000,HYG Jun 2023 74.000 put,Option,,,,2022-09-16 00:00:00-04:00,,,,,,,,,,,,,,,
EEM230616C00042000,EEM Jun 2023 42.000 call,Option,,,,2023-04-06 00:00:00-04:00,,,,,,,,,,,,,,,
EEM230421P00038000,EEM Apr 2023 38.000 put,Option,,,,2023-01-17 00:00:00-05:00,,,,,,,,,,,,,,,
AMC230519P00004000,AMC May 2023 4.000 put,Option,,,,2023-01-30 00:00:00-05:00,,,,,,,,,,,,,,,
IWM230421P00166000,IWM Apr 2023 166.000 put,Option,,,,2023-01-18 00:00:00-05:00,,,,,,,,,,,,,,,
BBBY250117P00001000,BBBY Jan 2025 1.000 put,Option,,,,2022-09-15 00:00:00-04:00,,,,,,,,,,,,,,,
AMC230421P00003000,AMC Apr 2023 3.000 put,Option,,,,2022-12-27 00:00:00-05:00,,,,,,,,,,,,,,,
SPY230616P00370000,SPY Jun 2023 370.000 put,Option,,,,2021-07-19 00:00:00-04:00,,,,,,,,,,,,,,,
TEVA230616C00012000,TEVA Jun 2023 12.000 call,Option,,,,2022-07-15 00:00:00-04:00,,,,,,,,,,,,,,,
AMC230519C00013000,AMC May 2023 13.000 call,Option,,,,2023-02-13 00:00:00-05:00,,,,,,,,,,,,,,,
MULN250117C00000500,MULN Jan 2025 0.500 call,Option,,,,2022-09-14 00:00:00-04:00,,,,,,,,,,,,,,,
SPY230421P00350000,SPY Apr 2023 350.000 put,Option,,,,2022-11-07 00:00:00-05:00,,,,,,,,,,,,,,,
GLD230519C00195000,GLD May 2023 195.000 call,Option,,,,2023-01-24 00:00:00-05:00,,,,,,,,,,,,,,,
VALE240119C00020000,VALE Jan 2024 20.000 call,Option,,,,2021-09-20 00:00:00-04:00,,,,,,,,,,,,,,,
AMC230519P00013000,AMC May 2023 13.000 put,Option,,,,2023-02-24 00:00:00-05:00,,,,,,,,,,,,,,,
SLV230915C00035000,SLV Sep 2023 35.000 call,Option,,,,2021-08-02 00:00:00-04:00,,,,,,,,,,,,,,,
LQD230421P00100000,LQD Apr 2023 100.000 put,Option,,,,2022-05-03 00:00:00-04:00,,,,,,,,,,,,,,,
EEM230519P00035000,EEM May 2023 35.000 put,Option,,,,2023-02-21 00:00:00-05:00,,,,,,,,,,,,,,,
XLE230616P00053000,XLE Jun 2023 53.000 put,Option,,,,2021-12-14 00:00:00-05:00,,,,,,,,,,,,,,,
IWM230616P00165000,IWM Jun 2023 165.000 put,Option,,,,2022-01-19 00:00:00-05:00,,,,,,,,,,,,,,,
IWM230519P00165000,IWM May 2023 165.000 put,Option,,,,2022-10-03 00:00:00-04:00,,,,,,,,,,,,,,,
F240119C00019350,F Jan 2024 19.350 call,Option,,,,2023-02-13 00:00:00-05:00,,,,,,,,,,,,,,,
XLE230616P00058000,XLE Jun 2023 58.000 put,Option,,,,2022-04-05 00:00:00-04:00,,,,,,,,,,,,,,,
ATVI240119P00065000,ATVI Jan 2024 65.000 put,Option,,,,2021-11-03 00:00:00-04:00,,,,,,,,,,,,,,,
VIX230517C00032000,I:VIX May 2023 32.000 call,Option,,,,2022-11-17 00:00:00-05:00,,,,,,,,,,,,,,,
XOM,Exxon Mobil Corporation,Stock,Energy,Oil & Gas Integrated,United States,2013-04-08 00:00:00-04:00,Irving,75039-2298,TX,972 940 6000,https://corporate.exxonmobil.com,,,,,,,,,,
TSM,Taiwan Semiconductor Manufacturing Company Limited,Stock,Technology,Semiconductors,Taiwan,2013-04-08 00:00:00-04:00,Hsinchu City,300096,,886 3 563 6688,https://www.tsmc.com,,,,,,,,,,
JPM,JPMorgan Chase & Co.,Stock,Financial Services,Banks—Diversified,United States,2013-04-08 00:00:00-04:00,New York,10179,NY,212 270 6000,https://www.jpmorganchase.com,,,,,,,,,,
CVX,Chevron Corporation,Stock,Energy,Oil & Gas Integrated,United States,2013-04-08 00:00:00-04:00,San Ramon,94583-2324,CA,925 842 1000,https://www.chevron.com,,,,,,,,,,
PFE,Pfizer Inc.,Stock,Healthcare,Drug Manufacturers—General,United States,2013-04-08 00:00:00-04:00,New York,10001-2192,NY,212 733 2323,https://www.pfizer.com,,,,,,,,,,
BHP,BHP Group Limited,Stock,Basic Materials,Other Industrial Metals & Mining,Australia,2013-04-08 00:00:00-04:00,Melbourne,3000,VIC,61 1300 55 47 57,https://www.bhp.com,,,,,,,,,,
TM,Toyota Motor Corporation,Stock,Consumer Cyclical,Auto Manufacturers,Japan,2013-04-08 00:00:00-04:00,Toyota,471-8571,,81 565 28 2121,https://global.toyota/en,,,,,,,,,,
TTE,TotalEnergies SE,Stock,Energy,Oil & Gas Integrated,France,2013-04-08 00:00:00-04:00,Courbevoie,92078,,33 01 47 44 45 46,https://www.totalenergies.com,,,,,,,,,,
HSBC,HSBC Holdings plc,Stock,Financial Services,Banks—Diversified,United Kingdom,2013-04-08 00:00:00-04:00,London,E14 5HQ,,44 20 7991 8888,https://www.hsbc.com,,,,,,,,,,
SNY,Sanofi,Stock,Healthcare,Drug Manufacturers—General,France,2013-04-08 00:00:00-04:00,Paris,75017,,33 1 53 77 40 00,https://www.sanofi.com,,,,,,,,,,
INTC,Intel Corporation,Stock,Technology,Semiconductors,United States,2013-04-08 00:00:00-04:00,Santa Clara,95054-1549,CA,408 765 8080,https://www.intel.com,,,,,,,,,,
QCOM,QUALCOMM Incorporated,Stock,Technology,Semiconductors,United States,2013-04-08 00:00:00-04:00,San Diego,92121-1714,CA,858 587 1121,https://www.qualcomm.com,,,,,,,,,,
UL,Unilever PLC,Stock,Consumer Defensive,Household & Personal Products,United Kingdom,2013-04-08 00:00:00-04:00,London,EC4Y 0DY,,44 20 7438 2800,https://www.unilever.com,,,,,,,,,,
COP,ConocoPhillips,Stock,Energy,Oil & Gas E&P,United States,2013-04-08 00:00:00-04:00,Houston,77079-2703,TX,281 293 1000,https://www.conocophillips.com,,,,,,,,,,
DE,Deere & Company,Stock,Industrials,Farm & Heavy Construction Machinery,United States,2013-04-08 00:00:00-04:00,Moline,61265,IL,309 765 4491,https://www.deere.com,,,,,,,,,,
C,Citigroup Inc.,Stock,Financial Services,Banks—Diversified,United States,2013-04-08 00:00:00-04:00,New York,10013,NY,212 559 1000,https://www.citigroup.com,,,,,,,,,,
RIO,Rio Tinto Group,Stock,Basic Materials,Other Industrial Metals & Mining,United Kingdom,2013-04-08 00:00:00-04:00,London,SW1Y 4AD,,44 20 7781 2000,https://www.riotinto.com,,,,,,,,,,
SCHW,The Charles Schwab Corporation,Stock,Financial Services,Capital Markets,United States,2013-04-08 00:00:00-04:00,Westlake,76262,TX,817 859 5000,https://www.schwab.com,,,,,,,,,,
EQNR,Equinor ASA,Stock,Energy,Oil & Gas Integrated,Norway,2013-04-08 00:00:00-04:00,Stavanger,4035,,47 51 99 00 00,https://www.equinor.com,,,,,,,,,,
CB,Chubb Limited,Stock,Financial Services,Insurance—Property & Casualty,Switzerland,2013-04-08 00:00:00-04:00,Zurich,8001,,41 43 456 76 00,https://www.chubb.com/us-en,,,,,,,,,,
BTI,British American Tobacco p.l.c.,Stock,Consumer Defensive,Tobacco,United Kingdom,2013-04-08 00:00:00-04:00,London,WC2R 2PG,,44 20 7845 1000,https://www.bat.com,,,,,,,,,,
CI,The Cigna Group,Stock,Healthcare,Healthcare Plans,United States,2013-04-08 00:00:00-04:00,Bloomfield,06002,CT,860 226 6000,https://www.cigna.com,,,,,,,,,,
IBN,ICICI Bank Limited,Stock,Financial Services,Banks—Regional,India,2013-04-08 00:00:00-04:00,Mumbai,400051,,91 22 2653 8900,https://www.icicibank.com,,,,,,,,,,
VALE,Vale S.A.,Stock,Basic Materials,Other Industrial Metals & Mining,Brazil,2013-04-08 00:00:00-04:00,Rio De Janeiro,22250-145,RJ,55 21 3485 3900,https://www.vale.com,,,,,,,,,,
EOG,"EOG Resources, Inc.",Stock,Energy,Oil & Gas E&P,United States,2013-04-08 00:00:00-04:00,Houston,77002,TX,713 651 7000,https://www.eogresources.com,,,,,,,,,,
PBR,Petróleo Brasileiro S.A. - Petrobras,Stock,Energy,Oil & Gas Integrated,Brazil,2013-04-08 00:00:00-04:00,Rio De Janeiro,20031-912,RJ,55 21 96940 2116,https://petrobras.com.br,,,,,,,,,,
PBR-A,Petróleo Brasileiro S.A. - Petrobras,Stock,Energy,Oil & Gas Integrated,Brazil,2013-04-08 00:00:00-04:00,Rio De Janeiro,20031-912,RJ,55 21 96940 2116,https://petrobras.com.br,,,,,,,,,,
SAN,"Banco Santander, S.A.",Stock,Financial Services,Banks—Diversified,Spain,2013-04-08 00:00:00-04:00,Madrid,28660,,34  91 259 65 20,https://www.santander.com,,,,,,,,,,
FCX,Freeport-McMoRan Inc.,Stock,Basic Materials,Copper,United States,2013-04-08 00:00:00-04:00,Phoenix,85004-2189,AZ,602 366 8100,https://fcx.com,,,,,,,,,,
OXY,Occidental Petroleum Corporation,Stock,Energy,Oil & Gas E&P,United States,2013-04-08 00:00:00-04:00,Houston,77046-0521,TX,713 215 7000,https://www.oxy.com,,,,,,,,,,
MPC,Marathon Petroleum Corporation,Stock,Energy,Oil & Gas Refining & Marketing,United States,2013-04-08 00:00:00-04:00,Findlay,45840-3229,OH,419 422 2121,https://www.marathonpetroleum.com,,,,,,,,,,
STLA,Stellantis N.V.,Stock,Consumer Cyclical,Auto Manufacturers,Netherlands,2013-04-08 00:00:00-04:00,Hoofddorp,2132 LS,,31 23 700 1511,https://www.stellantis.com,,,,,,,,,,
CHTR,"Charter Communications, Inc.",Stock,Communication Services,Telecom Services,United States,2013-04-08 00:00:00-04:00,Stamford,06902,CT,203 905 7801,https://corporate.charter.com,,,,,,,,,,
NGG,National Grid plc,Stock,Utilities,Utilities—Regulated Electric,United Kingdom,2013-04-08 00:00:00-04:00,London,WC2N 5EH,,44 20 7004 3000,https://www.nationalgrid.com,,,,,,,,,,
E,Eni S.p.A.,Stock,Energy,Oil & Gas Integrated,Italy,2013-04-08 00:00:00-04:00,Rome,00144,RM,39 06 59821,https://www.eni.com,,,,,,,,,,
PNC,"The PNC Financial Services Group, Inc.",Stock,Financial Services,Banks—Regional,United States,2013-04-08 00:00:00-04:00,Pittsburgh,15222-2401,PA,888 762 2265,https://www.pnc.com,,,,,,,,,,
GM,General Motors Company,Stock,Consumer Cyclical,Auto Manufacturers,United States,2013-04-08 00:00:00-04:00,Detroit,48265-3000,MI,313 667 1500,https://www.gm.com,,,,,,,,,,
PXD,Pioneer Natural Resources Company,Stock,Energy,Oil & Gas E&P,United States,2013-04-08 00:00:00-04:00,Irving,75038,TX,972 444 9001,https://www.pxd.com,,,,,,,,,,
VLO,Valero Energy Corporation,Stock,Energy,Oil & Gas Refining & Marketing,United States,2013-04-08 00:00:00-04:00,San Antonio,78249,TX,210 345 2000,https://www.valero.com,,,,,,,,,,
PSX,Phillips 66,Stock,Energy,Oil & Gas Refining & Marketing,United States,2013-04-08 00:00:00-04:00,Houston,77042,TX,832 765 3010,https://www.phillips66.com,,,,,,,,,,
ITUB,Itaú Unibanco Holding S.A.,Stock,Financial Services,Banks—Regional,Brazil,2013-04-08 00:00:00-04:00,São Paulo,04344-902,SP,55 11 2794 3547,https://www.itau.com.br,,,,,,,,,,
ING,ING Groep N.V.,Stock,Financial Services,Banks—Diversified,Netherlands,2013-04-08 00:00:00-04:00,Amsterdam,1102 CT,,31 20 563 9111,https://www.ing.com,,,,,,,,,,
HMC,"Honda Motor Co., Ltd.",Stock,Consumer Cyclical,Auto Manufacturers,Japan,2013-04-08 00:00:00-04:00,Tokyo,107-8556,,81 3 3423 1111,https://www.honda.co.jp,,,,,,,,,,
TFC,Truist Financial Corporation,Stock,Financial Services,Banks—Regional,United States,2013-04-08 00:00:00-04:00,Charlotte,28202,NC,336 733 2000,https://www.truist.com,,,,,,,,,,
HES,Hess Corporation,Stock,Energy,Oil & Gas E&P,United States,2013-04-08 00:00:00-04:00,New York,10036,NY,212 997 8500,https://www.hess.com,,,,,,,,,,
LYG,Lloyds Banking Group plc,Stock,Financial Services,Banks—Regional,United Kingdom,2013-04-08 00:00:00-04:00,London,EC2V 7HN,,44 20 7626 1500,https://www.lloydsbankinggroup.com,,,,,,,,,,
ADM,Archer-Daniels-Midland Company,Stock,Consumer Defensive,Farm Products,United States,2013-04-08 00:00:00-04:00,Chicago,60601,IL,312 634 8100,https://www.adm.com,,,,,,,,,,
BBVA,"Banco Bilbao Vizcaya Argentaria, S.A.",Stock,Financial Services,Banks—Diversified,Spain,2013-04-08 00:00:00-04:00,Bilbao,48005,,,https://www.bbva.com,,,,,,,,,,
KMI,"Kinder Morgan, Inc.",Stock,Energy,Oil & Gas Midstream,United States,2013-04-08 00:00:00-04:00,Houston,77002,TX,713 369 9000,https://www.kindermorgan.com,,,,,,,,,,
ET,Energy Transfer LP,Stock,Energy,Oil & Gas Midstream,United States,2013-04-08 00:00:00-04:00,Dallas,75225,TX,214 981 0700,https://energytransfer.com,,,,,,,,,,
DOW,Dow Inc.,Stock,Basic Materials,Chemicals,United States,2019-03-20 00:00:00-04:00,Midland,48674,MI,989 636 1000,https://www.dow.com,,,,,,,,,,
AIG,"American International Group, Inc.",Stock,Financial Services,Insurance—Diversified,United States,2013-04-08 00:00:00-04:00,New York,10020,NY,212 770 7000,https://www.aig.com,,,,,,,,,,
MFG,"Mizuho Financial Group, Inc.",Stock,Financial Services,Banks—Regional,Japan,2013-04-08 00:00:00-04:00,Tokyo,100-8176,,81 3 5224 1111,https://www.mizuho-fg.co.jp,,,,,,,,,,
NUE,Nucor Corporation,Stock,Basic Materials,Steel,United States,2013-04-08 00:00:00-04:00,Charlotte,28211,NC,704 366 7000,https://www.nucor.com,,,,,,,,,,
COF,Capital One Financial Corporation,Stock,Financial Services,Credit Services,United States,2013-04-08 00:00:00-04:00,McLean,22102,VA,703 720 1000,https://www.capitalone.com,,,,,,,,,,
CRH,CRH plc,Stock,Basic Materials,Building Materials,Ireland,2013-04-08 00:00:00-04:00,Dublin,D16 KH51,,353 1 404 1000,https://www.crh.com,,,,,,,,,,
NTR,Nutrien Ltd.,Stock,Basic Materials,Agricultural Inputs,Canada,2018-01-02 00:00:00-05:00,Saskatoon,S7K 5R6,SK,,https://www.nutrien.com,,,,,,,,,,
DVN,Devon Energy Corporation,Stock,Energy,Oil & Gas E&P,United States,2013-04-08 00:00:00-04:00,Oklahoma City,73102-5015,OK,405 235 3611,https://www.devonenergy.com,,,,,,,,,,
CVE,Cenovus Energy Inc.,Stock,Energy,Oil & Gas Integrated,Canada,2013-04-08 00:00:00-04:00,Calgary,T2P 0M5,AB,403 766 2000,https://www.cenovus.com,,,,,,,,,,
ON,ON Semiconductor Corporation,Stock,Technology,Semiconductors,United States,2013-04-08 00:00:00-04:00,Scottsdale,85250,AZ,602 244 6600,https://www.onsemi.com,,,,,,,,,,
ORAN,Orange S.A.,Stock,Communication Services,Telecom Services,France,2013-04-08 00:00:00-04:00,Issy-les-Moulineaux,92130,,33 1 44 44 22 22,https://www.orange.com,,,,,,,,,,
DHI,"D.R. Horton, Inc.",Stock,Consumer Cyclical,Residential Construction,United States,2013-04-08 00:00:00-04:00,Arlington,76011,TX,817 390 8200,https://www.drhorton.com,,,,,,,,,,
NWG,NatWest Group plc,Stock,Financial Services,Banks—Diversified,United Kingdom,2013-04-08 00:00:00-04:00,Edinburgh,EH12 1HQ,,44 13 1556 8555,https://www.natwestgroup.com,,,,,,,,,,
AMP,"Ameriprise Financial, Inc.",Stock,Financial Services,Asset Management,United States,2013-04-08 00:00:00-04:00,Minneapolis,55474,MN,612-671-3131,https://www.ameriprise.com,,,,,,,,,,
BNTX,BioNTech SE,Stock,Healthcare,Biotechnology,Germany,2019-10-10 00:00:00-04:00,Mainz,55131,,49 6131 9084 0,https://www.biontech.de,,,,,,,,,,
VOD,Vodafone Group Public Limited Company,Stock,Communication Services,Telecom Services,United Kingdom,2013-04-08 00:00:00-04:00,Newbury,RG14 2FN,,44 163 533251,https://www.vodafone.com,,,,,,,,,,
HAL,Halliburton Company,Stock,Energy,Oil & Gas Equipment & Services,United States,2013-04-08 00:00:00-04:00,Houston,77032,TX,281 871 2699,https://www.halliburton.com,,,,,,,,,,
BCS,Barclays PLC,Stock,Financial Services,Banks—Diversified,United Kingdom,2013-04-08 00:00:00-04:00,London,E14 5HP,,44 20 7116 1000,https://home.barclays,,,,,,,,,,
OKE,"ONEOK, Inc.",Stock,Energy,Oil & Gas Midstream,United States,2013-04-08 00:00:00-04:00,Tulsa,74103,OK,918 588 7000,https://www.oneok.com/,,,,,,,,,,
HPQ,HP Inc.,Stock,Technology,Computer Hardware,United States,2013-04-08 00:00:00-04:00,Palo Alto,94304,CA,(650) 857-1501,https://www.hp.com,,,,,,,,,,
LEN-B,Lennar Corporation,Stock,Consumer Cyclical,Residential Construction,United States,2013-04-08 00:00:00-04:00,Miami,33126,FL,305 559 4000,https://www.lennar.com,,,,,,,,,,
LEN,Lennar Corporation,Stock,Consumer Cyclical,Residential Construction,United States,2013-04-08 00:00:00-04:00,Miami,33126,FL,305 559 4000,https://www.lennar.com,,,,,,,,,,
TLK,Perusahaan Perseroan (Persero) PT Telekomunikasi Indonesia Tbk,Stock,Communication Services,Telecom Services,Indonesia,2013-04-08 00:00:00-04:00,Bandung,40133,,62 22 452 7101,https://www.telkom.co.id,,,,,,,,,,
FERG,Ferguson plc,Stock,Industrials,Industrial Distribution,United Kingdom,2013-04-08 00:00:00-04:00,Wokingham,RG41 5TS,,44 11 8927 3800,https://www.fergusonplc.com,,,,,,,,,,
FANG,"Diamondback Energy, Inc.",Stock,Energy,Oil & Gas E&P,United States,2013-04-08 00:00:00-04:00,Midland,79701,TX,432 221 7400,https://www.diamondbackenergy.com,,,,,,,,,,
ACGL,Arch Capital Group Ltd.,Stock,Financial Services,Insurance—Diversified,Bermuda,2013-04-08 00:00:00-04:00,Pembroke,HM 08,,,https://www.archgroup.com,,,,,,,,,,
TEF,"Telefónica, S.A.",Stock,Communication Services,Telecom Services,Spain,2013-04-08 00:00:00-04:00,Madrid,28050,,34 900 11 10 04,https://www.telefonica.com,,,,,,,,,,
DFS,Discover Financial Services,Stock,Financial Services,Credit Services,United States,2013-04-08 00:00:00-04:00,Riverwoods,60015,IL,224 405 0900,https://www.discover.com,,,,,,,,,,
URI,"United Rentals, Inc.",Stock,Industrials,Rental & Leasing Services,United States,2013-04-08 00:00:00-04:00,Stamford,06902,CT,203 622 3131,https://www.unitedrentals.com,,,,,,,,,,
TROW,"T. Rowe Price Group, Inc.",Stock,Financial Services,Asset Management,United States,2013-04-08 00:00:00-04:00,Baltimore,21202,MD,410 345 2000,https://www.troweprice.com,,,,,,,,,,
ALB,Albemarle Corporation,Stock,Basic Materials,Specialty Chemicals,United States,2013-04-08 00:00:00-04:00,Charlotte,28209,NC,980 299 5700,https://www.albemarle.com,,,,,,,,,,
MT,ArcelorMittal S.A.,Stock,Basic Materials,Steel,Luxembourg,2013-04-08 00:00:00-04:00,Luxembourg City,1160,,352 47 921,https://corporate.arcelormittal.com,,,,,,,,,,
EC,Ecopetrol S.A.,Stock,Energy,Oil & Gas Integrated,Colombia,2013-04-08 00:00:00-04:00,Bogotá,,,57 310 315 8600,https://www.ecopetrol.com.co,,,,,,,,,,
UMC,United Microelectronics Corporation,Stock,Technology,Semiconductors,Taiwan,2013-04-08 00:00:00-04:00,Hsinchu City,30078,,886 3 578 2258,https://www.umc.com,,,,,,,,,,
HIG,"The Hartford Financial Services Group, Inc.",Stock,Financial Services,Insurance—Diversified,United States,2013-04-08 00:00:00-04:00,Hartford,06155,CT,860 547 5000,https://www.thehartford.com,,,,,,,,,,
DAL,"Delta Air Lines, Inc.",Stock,Industrials,Airlines,United States,2013-04-08 00:00:00-04:00,Atlanta,30320-6001,GA,404 715 2600,https://www.delta.com,,,,,,,,,,
RYAAY,Ryanair Holdings plc,Stock,Industrials,Airlines,Ireland,2013-04-08 00:00:00-04:00,Swords,K67 NY94,,353 1 945 1212,https://www.ryanair.com,,,,,,,,,,
SQM,Sociedad Química y Minera de Chile S.A.,Stock,Basic Materials,Specialty Chemicals,Chile,2013-04-08 00:00:00-04:00,Santiago de Chile,,,56 22 425 2000,https://www.sqm.com,,,,,,,,,,
PKX,POSCO Holdings Inc.,Stock,Basic Materials,Steel,South Korea,2013-04-08 00:00:00-04:00,Pohang,,,,https://www.posco.com,,,,,,,,,,
LH,Laboratory Corporation of America Holdings,Stock,Healthcare,Diagnostics & Research,United States,2013-04-08 00:00:00-04:00,Burlington,27215,NC,336 229 1127,https://www.labcorp.com,,,,,,,,,,
CNHI,CNH Industrial N.V.,Stock,Industrials,Farm & Heavy Construction Machinery,United Kingdom,2013-09-30 00:00:00-04:00,London,SW1A 1HA,,44 20 7766 0346,https://www.cnhindustrial.com,,,,,,,,,,
MTB,M&T Bank Corporation,Stock,Financial Services,Banks—Regional,United States,2013-04-08 00:00:00-04:00,Buffalo,14203,NY,716 635 4000,https://www3.mtb.com,,,,,,,,,,
ERIC,Telefonaktiebolaget LM Ericsson (publ),Stock,Technology,Communication Equipment,Sweden,2013-04-08 00:00:00-04:00,Stockholm,164 83,,46 1 07 19 00 00,https://www.ericsson.com,,,,,,,,,,
RJF,"Raymond James Financial, Inc.",Stock,Financial Services,Capital Markets,United States,2013-04-08 00:00:00-04:00,Saint Petersburg,33716,FL,727 567 1000,https://www.raymondjames.com,,,,,,,,,,
CNP,"CenterPoint Energy, Inc.",Stock,Utilities,Utilities—Regulated Electric,United States,2013-04-08 00:00:00-04:00,Houston,77002,TX,713 207 1111,https://www.centerpointenergy.com,,,,,,,,,,
IX,ORIX Corporation,Stock,Financial Services,Credit Services,Japan,2013-04-08 00:00:00-04:00,Tokyo,105-5135,,81 3 3435 3000,https://www.orix.co.jp,,,,,,,,,,
CTRA,Coterra Energy Inc.,Stock,Energy,Oil & Gas E&P,United States,2013-04-08 00:00:00-04:00,Houston,77024,TX,281 589 4600,https://www.coterra.com,,,,,,,,,,
ELP,Companhia Paranaense de Energia - COPEL,Stock,Utilities,Utilities—Diversified,Brazil,2013-04-08 00:00:00-04:00,Curitiba,81200-240,PR,55 41 3331 4011,https://www.copel.com,,,,,,,,,,
SWKS,"Skyworks Solutions, Inc.",Stock,Technology,Semiconductors,United States,2013-04-08 00:00:00-04:00,Irvine,92617,CA,949 231 3000,https://www.skyworksinc.com,,,,,,,,,,
STLD,"Steel Dynamics, Inc.",Stock,Basic Materials,Steel,United States,2013-04-08 00:00:00-04:00,Fort Wayne,46804,IN,260 969 3500,https://stld.steeldynamics.com,,,,,,,,,,
BTC-USD,Bitcoin USD,Crypto,,,,2014-09-17 00:00:00+00:00,,,,,,,,,,,,,,,
ETH-USD,Ethereum USD,Crypto,,,,2017-11-09 00:00:00+00:00,,,,,,,,,,,,,,,
USDT-USD,Tether USD,Crypto,,,,2017-11-09 00:00:00+00:00,,,,,,,,,,,,,,,
BNB-USD,BNB USD,Crypto,,,,2017-11-09 00:00:00+00:00,,,,,,,,,,,,,,,
USDC-USD,USD Coin USD,Crypto,,,,2018-10-08 00:00:00+00:00,,,,,,,,,,,,,,,
XRP-USD,XRP USD,Crypto,,,,2017-11-09 00:00:00+00:00,,,,,,,,,,,,,,,
ADA-USD,Cardano USD,Crypto,,,,2017-11-09 00:00:00+00:00,,,,,,,,,,,,,,,
HEX-USD,HEX USD,Crypto,,,,2019-12-17 00:00:00+00:00,,,,,,,,,,,,,,,
DOGE-USD,Dogecoin USD,Crypto,,,,2017-11-09 00:00:00+00:00,,,,,,,,,,,,,,,
STETH-USD,Lido Staked ETH USD,Crypto,,,,2020-12-23 00:00:00+00:00,,,,,,,,,,,,,,,
MATIC-USD,Polygon USD,Crypto,,,,2019-04-28 00:00:00+00:00,,,,,,,,,,,,,,,
SOL-USD,Solana USD,Crypto,,,,2020-04-10 00:00:00+00:00,,,,,,,,,,,,,,,
DOT-USD,Polkadot USD,Crypto,,,,2020-08-20 00:00:00+00:00,,,,,,,,,,,,,,,
BUSD-USD,Binance USD USD,Crypto,,,,2019-09-20 00:00:00+00:00,,,,,,,,,,,,,,,
WTRX-USD,Wrapped TRON USD,Crypto,,,,2022-03-05 00:00:00+00:00,,,,,,,,,,,,,,,
LTC-USD,Litecoin USD,Crypto,,,,2014-09-17 00:00:00+00:00,,,,,,,,,,,,,,,
SHIB-USD,Shiba Inu USD,Crypto,,,,2020-08-01 00:00:00+00:00,,,,,,,,,,,,,,,
TRX-USD,TRON USD,Crypto,,,,2017-11-09 00:00:00+00:00,,,,,,,,,,,,,,,
AVAX-USD,Avalanche USD,Crypto,,,,2020-07-13 00:00:00+00:00,,,,,,,,,,,,,,,
DAI-USD,Dai USD,Crypto,,,,2019-11-22 00:00:00+00:00,,,,,,,,,,,,,,,
TMG-USD,T-mac DAO USD,Crypto,,,,2022-11-04 00:00:00+00:00,,,,,,,,,,,,,,,
WBTC-USD,Wrapped Bitcoin USD,Crypto,,,,2019-01-30 00:00:00+00:00,,,,,,,,,,,,,,,
LINK-USD,Chainlink USD,Crypto,,,,2017-11-09 00:00:00+00:00,,,,,,,,,,,,,,,
UNI7083-USD,Uniswap USD,Crypto,,,,2020-09-18 00:00:00+00:00,,,,,,,,,,,,,,,
LEO-USD,UNUS SED LEO USD,Crypto,,,,2019-05-21 00:00:00+00:00,,,,,,,,,,,,,,,
ATOM-USD,Cosmos USD,Crypto,,,,2019-03-14 00:00:00+00:00,,,,,,,,,,,,,,,
XMR-USD,Monero USD,Crypto,,,,2017-11-09 00:00:00+00:00,,,,,,,,,,,,,,,
ETC-USD,Ethereum Classic USD,Crypto,,,,2017-11-09 00:00:00+00:00,,,,,,,,,,,,,,,
XLM-USD,Stellar USD,Crypto,,,,2017-11-09 00:00:00+00:00,,,,,,,,,,,,,,,
TON11419-USD,Toncoin USD,Crypto,,,,2021-08-27 00:00:00+00:00,,,,,,,,,,,,,,,
OKB-USD,OKB USD,Crypto,,,,2019-04-30 00:00:00+00:00,,,,,,,,,,,,,,,
BCH-USD,Bitcoin Cash USD,Crypto,,,,2017-11-09 00:00:00+00:00,,,,,,,,,,,,,,,
FIL-USD,Filecoin USD,Crypto,,,,2017-12-13 00:00:00+00:00,,,,,,,,,,,,,,,
LDO-USD,Lido DAO USD,Crypto,,,,2021-01-05 00:00:00+00:00,,,,,,,,,,,,,,,
TUSD-USD,TrueUSD USD,Crypto,,,,2018-03-06 00:00:00+00:00,,,,,,,,,,,,,,,
APT21794-USD,Aptos USD,Crypto,,,,2022-10-19 00:00:00+00:00,,,,,,,,,,,,,,,
HBAR-USD,Hedera USD,Crypto,,,,2019-09-17 00:00:00+00:00,,,,,,,,,,,,,,,
VET-USD,VeChain USD,Crypto,,,,2018-08-03 00:00:00+00:00,,,,,,,,,,,,,,,
CRO-USD,Cronos USD,Crypto,,,,2018-12-14 00:00:00+00:00,,,,,,,,,,,,,,,
NEAR-USD,NEAR Protocol USD,Crypto,,,,2020-10-14 00:00:00+00:00,,,,,,,,,,,,,,,
ALGO-USD,Algorand USD,Crypto,,,,2019-06-21 00:00:00+00:00,,,,,,,,,,,,,,,
APE18876-USD,ApeCoin USD,Crypto,,,,2022-03-18 00:00:00+00:00,,,,,,,,,,,,,,,
ARB11841-USD,Arbitrum USD,Crypto,,,,2023-03-23 00:00:00+00:00,,,,,,,,,,,,,,,
BTCB-USD,Bitcoin BEP2 USD,Crypto,,,,2019-06-18 00:00:00+00:00,,,,,,,,,,,,,,,
ICP-USD,Internet Computer USD,Crypto,,,,2021-05-10 00:00:00+00:00,,,,,,,,,,,,,,,
QNT-USD,Quant USD,Crypto,,,,2018-08-10 00:00:00+00:00,,,,,,,,,,,,,,,
EOS-USD,EOS USD,Crypto,,,,2017-11-09 00:00:00+00:00,,,,,,,,,,,,,,,
FTM-USD,Fantom USD,Crypto,,,,2018-10-30 00:00:00+00:00,,,,,,,,,,,,,,,
GRT6719-USD,The Graph USD,Crypto,,,,2020-12-18 00:00:00+00:00,,,,,,,,,,,,,,,
MANA-USD,Decentraland USD,Crypto,,,,2017-11-09 00:00:00+00:00,,,,,,,,,,,,,,,
STX4847-USD,Stacks USD,Crypto,,,,2019-10-29 00:00:00+00:00,,,,,,,,,,,,,,,
HBTC-USD,Huobi BTC USD,Crypto,,,,2020-09-09 00:00:00+00:00,,,,,,,,,,,,,,,
AAVE-USD,Aave USD,Crypto,,,,2020-10-02 00:00:00+00:00,,,,,,,,,,,,,,,
WBNB-USD,Wrapped BNB USD,Crypto,,,,2020-09-29 00:00:00+00:00,,,,,,,,,,,,,,,
BIT11221-USD,BitDAO USD,Crypto,,,,2021-08-18 00:00:00+00:00,,,,,,,,,,,,,,,
THETA-USD,Theta Network USD,Crypto,,,,2018-01-17 00:00:00+00:00,,,,,,,,,,,,,,,
CFX-USD,Conflux USD,Crypto,,,,2020-11-11 00:00:00+00:00,,,,,,,,,,,,,,,
FRAX-USD,Frax USD,Crypto,,,,2020-12-27 00:00:00+00:00,,,,,,,,,,,,,,,
XTZ-USD,Tezos USD,Crypto,,,,2017-11-09 00:00:00+00:00,,,,,,,,,,,,,,,
FLOW-USD,Flow USD,Crypto,,,,2021-01-27 00:00:00+00:00,,,,,,,,,,,,,,,
EGLD-USD,MultiversX USD,Crypto,,,,2020-09-04 00:00:00+00:00,,,,,,,,,,,,,,,
AXS-USD,Axie Infinity USD,Crypto,,,,2020-11-04 00:00:00+00:00,,,,,,,,,,,,,,,
SAND-USD,The Sandbox USD,Crypto,,,,2020-08-14 00:00:00+00:00,,,,,,,,,,,,,,,
CHZ-USD,Chiliz USD,Crypto,,,,2019-07-01 00:00:00+00:00,,,,,,,,,,,,,,,
IMX10603-USD,Immutable USD,Crypto,,,,2021-11-06 00:00:00+00:00,,,,,,,,,,,,,,,
USDP-USD,Pax Dollar USD,Crypto,,,,2018-09-27 00:00:00+00:00,,,,,,,,,,,,,,,
NEO-USD,Neo USD,Crypto,,,,2017-11-09 00:00:00+00:00,,,,,,,,,,,,,,,
RPL-USD,Rocket Pool USD,Crypto,,,,2018-07-18 00:00:00+00:00,,,,,,,,,,,,,,,
KCS-USD,KuCoin Token USD,Crypto,,,,2017-11-09 00:00:00+00:00,,,,,,,,,,,,,,,
CRV-USD,Curve DAO Token USD,Crypto,,,,2020-08-14 00:00:00+00:00,,,,,,,,,,,,,,,
BTTOLD-USD,BitTorrent USD,Crypto,,,,2019-02-01 00:00:00+00:00,,,,,,,,,,,,,,,
KLAY-USD,Klaytn USD,Crypto,,,,2020-03-30 00:00:00+00:00,,,,,,,,,,,,,,,
LUNC-USD,Terra Classic USD,Crypto,,,,2019-07-27 00:00:00+00:00,,,,,,,,,,,,,,,
USDD-USD,USDD USD,Crypto,,,,2022-05-02 00:00:00+00:00,,,,,,,,,,,,,,,
OP-USD,Optimism USD,Crypto,,,,2022-03-14 00:00:00+00:00,,,,,,,,,,,,,,,
BSV-USD,Bitcoin SV USD,Crypto,,,,2018-11-09 00:00:00+00:00,,,,,,,,,,,,,,,
SNX-USD,Synthetix USD,Crypto,,,,2018-03-14 00:00:00+00:00,,,,,,,,,,,,,,,
CAKE-USD,PancakeSwap USD,Crypto,,,,2020-09-29 00:00:00+00:00,,,,,,,,,,,,,,,
GMX11857-USD,GMX USD,Crypto,,,,2021-09-14 00:00:00+00:00,,,,,,,,,,,,,,,
FXS-USD,Frax Share USD,Crypto,,,,2020-12-27 00:00:00+00:00,,,,,,,,,,,,,,,
MKR-USD,Maker USD,Crypto,,,,2017-11-20 00:00:00+00:00,,,,,,,,,,,,,,,
MINA-USD,Mina USD,Crypto,,,,2021-06-01 00:00:00+00:00,,,,,,,,,,,,,,,
MIOTA-USD,IOTA USD,Crypto,,,,2017-11-09 00:00:00+00:00,,,,,,,,,,,,,,,
TNC5524-USD,TNC Coin USD,Crypto,,,,2020-05-04 00:00:00+00:00,,,,,,,,,,,,,,,
DASH-USD,Dash USD,Crypto,,,,2017-11-09 00:00:00+00:00,,,,,,,,,,,,,,,
ZEC-USD,Zcash USD,Crypto,,,,2017-11-09 00:00:00+00:00,,,,,,,,,,,,,,,
XEC-USD,eCash USD,Crypto,,,,2021-07-08 00:00:00+00:00,,,,,,,,,,,,,,,
GUSD-USD,Gemini Dollar USD,Crypto,,,,2018-10-06 00:00:00+00:00,,,,,,,,,,,,,,,
BTT-USD,BitTorrent(New) USD,Crypto,,,,2019-01-31 00:00:00+00:00,,,,,,,,,,,,,,,
BGB-USD,Bitget Token USD,Crypto,,,,2021-07-29 00:00:00+00:00,,,,,,,,,,,,,,,
HT-USD,Huobi Token USD,Crypto,,,,2018-02-03 00:00:00+00:00,,,,,,,,,,,,,,,
GT-USD,GateToken USD,Crypto,,,,2019-08-26 00:00:00+00:00,,,,,,,,,,,,,,,
XDC-USD,XDC Network USD,Crypto,,,,2018-04-13 00:00:00+00:00,,,,,,,,,,,,,,,
PAXG-USD,PAX Gold USD,Crypto,,,,2019-09-26 00:00:00+00:00,,,,,,,,,,,,,,,
KAS-USD,Kaspa USD,Crypto,,,,2022-06-01 00:00:00+00:00,,,,,,,,,,,,,,,
RUNE-USD,THORChain USD,Crypto,,,,2019-07-23 00:00:00+00:00,,,,,,,,,,,,,,,
TWT-USD,Trust Wallet Token USD,Crypto,,,,2020-07-30 00:00:00+00:00,,,,,,,,,,,,,,,
XRD-USD,Radix USD,Crypto,,,,2021-09-17 00:00:00+00:00,,,,,,,,,,,,,,,
XAUT-USD,Tether Gold USD,Crypto,,,,2020-02-07 00:00:00+00:00,,,,,,,,,,,,,,,
AGIX-USD,SingularityNET USD,Crypto,,,,2018-01-19 00:00:00+00:00,,,,,,,,,,,,,,,
^SP500-50203010,S&P 500 Interactive Media & Ser,Index,,,,2023-04-06 00:00:00-04:00,,,,,,,,,,,,,,,
^SP500-502030,S&P 500 Interactive Media & Ser,Index,,,,2023-04-06 00:00:00-04:00,,,,,,,,,,,,,,,
^SP1500-502030,S&P Composite 1500 Interactive,Index,,,,2023-04-06 00:00:00-04:00,,,,,,,,,,,,,,,
^SP1500-50203010,S&P Composite 1500 Interactive,Index,,,,2023-04-06 00:00:00-04:00,,,,,,,,,,,,,,,
^DJUSNS,Dow Jones U.S. Internet Index,Index,,,,2023-04-06 00:00:00-04:00,,,,,,,,,,,,,,,
^SP500-5020,S&P 500 Media & Entertainment (,Index,,,,2013-04-08 00:00:00-04:00,,,,,,,,,,,,,,,
^SP1500-5020,S&P Composite 1500 Media & Ente,Index,,,,2023-04-06 00:00:00-04:00,,,,,,,,,,,,,,,
^DJUSSV,Dow Jones U.S. Software & Compu,Index,,,,2023-04-06 00:00:00-04:00,,,,,,,,,,,,,,,
^SP500-50,S&P 500 Telecommunication Services (Sector),Index,,,,2013-04-08 00:00:00-04:00,,,,,,,,,,,,,,,
^SP1500-50,S&P Composite 1500 Communicatio,Index,,,,2023-04-06 00:00:00-04:00,,,,,,,,,,,,,,,
^DJUSSW,Dow Jones U.S. Software Index,Index,,,,2023-04-06 00:00:00-04:00,,,,,,,,,,,,,,,
^SP1500-40101015,S&P Composite 1500 Regional Ban,Index,,,,2023-04-06 00:00:00-04:00,,,,,,,,,,,,,,,
^DJUSTC,Dow Jones U.S. Technology Index,Index,,,,2023-04-06 00:00:00-04:00,,,,,,,,,,,,,,,
^SP1500-4010,S&P Composite 1500 Banks (Indus,Index,,,,2023-04-06 00:00:00-04:00,,,,,,,,,,,,,,,
^SP1500-401010,S&P Composite 1500 Banks (Indus,Index,,,,2023-04-06 00:00:00-04:00,,,,,,,,,,,,,,,
^DJUSBK,Dow Jones U.S. Banks Index,Index,,,,2023-04-06 00:00:00-04:00,,,,,,,,,,,,,,,
^SP500-4010,S&P 500 Banks (Industry Group),Index,,,,2013-04-08 00:00:00-04:00,,,,,,,,,,,,,,,
^SP500-401010,S&P 500 Banks (Industry),Index,,,,2023-04-06 00:00:00-04:00,,,,,,,,,,,,,,,
^IXIC,NASDAQ Composite,Index,,,,2013-04-08 00:00:00-04:00,,,,,,,,,,,,,,,
^NDX,NASDAQ 100,Index,,,,2013-04-08 00:00:00-04:00,,,,,,,,,,,,,,,
^SP500-40101010,S&P 500 Diversified Banks (Sub,Index,,,,2023-04-06 00:00:00-04:00,,,,,,,,,,,,,,,
^SP1500-40101010,S&P Composite 1500 Diversified,Index,,,,2023-04-06 00:00:00-04:00,,,,,,,,,,,,,,,
^DJUSUT,Dow Jones U.S. Utilities Index,Index,,,,2023-04-06 00:00:00-04:00,,,,,,,,,,,,,,,
^SP1500-6010,S&P Composite 1500 Real Estate,Index,,,,2023-04-06 00:00:00-04:00,,,,,,,,,,,,,,,
^SP1500-60,S&P Composite 1500 Real Estate,Index,,,,2023-04-06 00:00:00-04:00,,,,,,,,,,,,,,,
^SP500-45,S&P 500 Information Technology (Sector),Index,,,,2013-04-08 00:00:00-04:00,,,,,,,,,,,,,,,
^DJUSRE,Dow Jones U.S. Real Estate Inde,Index,,,,2023-04-06 00:00:00-04:00,,,,,,,,,,,,,,,
^SP1500-45,S&P Composite 1500 Information,Index,,,,2023-04-06 00:00:00-04:00,,,,,,,,,,,,,,,
^DJUSRI,Dow Jones U.S. Real Estate Inve,Index,,,,2023-04-06 00:00:00-04:00,,,,,,,,,,,,,,,
^SP100,S&P 100,Index,,,,2013-04-08 00:00:00-04:00,,,,,,,,,,,,,,,
^DJUSIS,Dow Jones U.S. Support Services,Index,,,,2023-04-06 00:00:00-04:00,,,,,,,,,,,,,,,
^DJUSPN,Dow Jones U.S. Pharmaceuticals,Index,,,,2023-04-06 00:00:00-04:00,,,,,,,,,,,,,,,
^SP1500-2550,S&P Composite 1500 Retailing (I,Index,,,,2023-04-06 00:00:00-04:00,,,,,,,,,,,,,,,
^DJUSME,Dow Jones U.S. Media Index,Index,,,,2023-04-06 00:00:00-04:00,,,,,,,,,,,,,,,
^SPX,S&P 500 INDEX,Index,,,,2023-04-06 00:00:00-04:00,,,,,,,,,,,,,,,
^GSPC,S&P 500,Index,,,,2013-04-08 00:00:00-04:00,,,,,,,,,,,,,,,
^DJUSFN,Dow Jones U.S. Financials Index,Index,,,,2013-04-08 00:00:00-04:00,,,,,,,,,,,,,,,
^SP1500-40,S&P Composite 1500 Financials (,Index,,,,2023-04-06 00:00:00-04:00,,,,,,,,,,,,,,,
^DJUSGT,Dow Jones U.S. General Retailer,Index,,,,2023-04-06 00:00:00-04:00,,,,,,,,,,,,,,,
^SPTMI,S&P TMI,Index,,,,2023-04-06 00:00:00-04:00,,,,,,,,,,,,,,,
^SP1500,S&P Composite 1500,Index,,,,2013-04-08 00:00:00-04:00,,,,,,,,,,,,,,,
^SP500-40,S&P 500 Financials (Sector),Index,,,,2013-04-08 00:00:00-04:00,,,,,,,,,,,,,,,
^SP1500-3520,S&P Composite 1500 - Pharmaceut,Index,,,,2023-04-06 00:00:00-04:00,,,,,,,,,,,,,,,
^DJUSHC,Dow Jones U.S. Health Care Inde,Index,,,,2023-04-06 00:00:00-04:00,,,,,,,,,,,,,,,
^SP1500-35,S&P Composite 1500 Health Care,Index,,,,2023-04-06 00:00:00-04:00,,,,,,,,,,,,,,,
^SPTEST1,S&P GLOBAL 1200 Materials (Indu,Index,,,,2023-04-07 00:00:00-04:00,,,,,,,,,,,,,,,
^SP500-35,S&P 500 Health Care (Sector),Index,,,,2013-04-08 00:00:00-04:00,,,,,,,,,,,,,,,
^DJUSBC,Dow Jones U.S. Broadcasting & E,Index,,,,2023-04-06 00:00:00-04:00,,,,,,,,,,,,,,,
^DJA,Dow Jones Composite Average,Index,,,,2013-04-08 00:00:00-04:00,,,,,,,,,,,,,,,
^SP1500-4520,S&P Composite 1500 Technology H,Index,,,,2023-04-06 00:00:00-04:00,,,,,,,,,,,,,,,
^SPCBMIRWDUSD1,S&P Developed BMI (USD),Index,,,,2023-04-07 00:00:00-04:00,,,,,,,,,,,,,,,
^DJUSRT,Dow Jones U.S. Retail Index,Index,,,,2023-04-06 00:00:00-04:00,,,,,,,,,,,,,,,
^SP500-30,S&P 500 Consumer Staples (Sector),Index,,,,2013-04-08 00:00:00-04:00,,,,,,,,,,,,,,,
^DJUSCY,Dow Jones U.S. Consumer Service,Index,,,,2023-04-06 00:00:00-04:00,,,,,,,,,,,,,,,
^SP1500-30,S&P Composite 1500 Consumer Sta,Index,,,,2023-04-06 00:00:00-04:00,,,,,,,,,,,,,,,
^DJUSTQ,Dow Jones U.S. Technology Hardw,Index,,,,2023-04-06 00:00:00-04:00,,,,,,,,,,,,,,,
^SP500-25,S&P 500 Consumer Discretionary (Sector),Index,,,,2013-04-08 00:00:00-04:00,,,,,,,,,,,,,,,
^SP1500-4020,S&P Composite 1500 Diversified,Index,,,,2023-04-06 00:00:00-04:00,,,,,,,,,,,,,,,
^SP500-4020,S&P 500 Diversified Financials (Industry Group),Index,,,,2013-04-08 00:00:00-04:00,,,,,,,,,,,,,,,
^SP600,S&P 600,Index,,,,2013-04-08 00:00:00-04:00,,,,,,,,,,,,,,,
^SP500-45301020,S&P 500 Semiconductors (Sub Ind),Index,,,,2023-04-06 00:00:00-04:00,,,,,,,,,,,,,,,
^DJI2MN,Dow Jones Industrial Average (2,Index,,,,2015-03-05 00:00:00-05:00,,,,,,,,,,,,,,,
^DJI,Dow Jones Industrial Average,Index,,,,2013-04-08 00:00:00-04:00,,,,,,,,,,,,,,,
^SP1500-25,S&P Composite 1500 Consumer Dis,Index,,,,2023-04-06 00:00:00-04:00,,,,,,,,,,,,,,,
^DJUSIG,Dow Jones U.S. Industrial Goods,Index,,,,2023-04-06 00:00:00-04:00,,,,,,,,,,,,,,,
^DJUSIN,Dow Jones U.S. Industrials Inde,Index,,,,2023-04-06 00:00:00-04:00,,,,,,,,,,,,,,,
^DJUSNG,Dow Jones U.S. Personal & House,Index,,,,2023-04-06 00:00:00-04:00,,,,,,,,,,,,,,,
^SP1500-45301020,S&P Composite 1500 Semiconducto,Index,,,,2023-04-06 00:00:00-04:00,,,,,,,,,,,,,,,
^SP500-20,S&P 500 Industrials (Sector),Index,,,,2013-04-08 00:00:00-04:00,,,,,,,,,,,,,,,
^DJUSNC,Dow Jones U.S. Consumer Goods I,Index,,,,2023-04-06 00:00:00-04:00,,,,,,,,,,,,,,,
^SP1500-20,S&P Composite 1500 Industrials,Index,,,,2023-04-06 00:00:00-04:00,,,,,,,,,,,,,,,
^SP500-453010,S&P 500 Semiconductor & Semiconductor Equipment (Industry),Index,,,,2013-04-08 00:00:00-04:00,,,,,,,,,,,,,,,
^SP500-4530,S&P 500 Semiconductors & Semiconductor Equipment (Industry Group),Index,,,,2013-04-08 00:00:00-04:00,,,,,,,,,,,,,,,
^SP400,S&P 400,Index,,,,2013-04-08 00:00:00-04:00,,,,,,,,,,,,,,,
^DJUSCG,Dow Jones U.S. Travel & Leisure,Index,,,,2023-04-06 00:00:00-04:00,,,,,,,,,,,,,,,
^SP1500-4530,S&P Composite 1500 Semiconducto,Index,,,,2023-04-06 00:00:00-04:00,,,,,,,,,,,,,,,
^SP1500-453010,S&P Composite 1500 Semiconducto,Index,,,,2023-04-06 00:00:00-04:00,,,,,,,,,,,,,,,
^SP1500-1510,S&P Composite 1500 Materials (I,Index,,,,2023-04-06 00:00:00-04:00,,,,,,,,,,,,,,,
^SP1500-15,S&P Composite 1500 Materials (S,Index,,,,2023-04-06 00:00:00-04:00,,,,,,,,,,,,,,,
^DJUSSC,Dow Jones U.S. Semiconductors I,Index,,,,2023-04-06 00:00:00-04:00,,,,,,,,,,,,,,,
^DJUSFI,Dow Jones U.S. Financial Servic,Index,,,,2023-04-06 00:00:00-04:00,,,,,,,,,,,,,,,
^DJUSGF,Dow Jones U.S. Financial Servic,Index,,,,2023-04-06 00:00:00-04:00,,,,,,,,,,,,,,,
^DJUSBM,Dow Jones U.S. Basic Materials,Index,,,,2023-04-06 00:00:00-04:00,,,,,,,,,,,,,,,
^SP500-25102010,S&P 500 Automobile Manufacturers (Sub Ind),Index,,,,2023-04-06 00:00:00-04:00,,,,,,,,,,,,,,,
^SP1500-25102010,S&P Composite 1500 Automobile M,Index,,,,2023-04-06 00:00:00-04:00,,,,,,,,,,,,,,,
^SP500-251020,S&P 500 Automobiles (Industry),Index,,,,2013-04-08 00:00:00-04:00,,,,,,,,,,,,,,,
^SP1500-251020,S&P Composite 1500 Automobiles,Index,,,,2023-04-06 00:00:00-04:00,,,,,,,,,,,,,,,
^DJUSAU,Dow Jones U.S. Automobiles Inde,Index,,,,2023-04-06 00:00:00-04:00,,,,,,,,,,,,,,,
^SP1500-2010,S&P Composite 1500 Capital Good,Index,,,,2023-04-06 00:00:00-04:00,,,,,,,,,,,,,,,
^DJUSAP,Dow Jones U.S. Automobiles & Pa,Index,,,,2023-04-06 00:00:00-04:00,,,,,,,,,,,,,,,
^SP500-2510,S&P 500 Automobiles & Components (Industry Group),Index,,,,2013-04-08 00:00:00-04:00,,,,,,,,,,,,,,,
^SP1500-2510,S&P Composite 1500 Automobiles,Index,,,,2023-04-06 00:00:00-04:00,,,,,,,,,,,,,,,
^SP1500-101020,"S&P Composite 1500 Oil, Gas & C",Index,,,,2023-04-06 00:00:00-04:00,,,,,,,,,,,,,,,
^SP500-101020,"S&P 500 Oil, Gas & Consumable Fuels (Industry)",Index,,,,2013-04-08 00:00:00-04:00,,,,,,,,,,,,,,,
^DJUSEN,Dow Jones U.S. Oil & Gas Index,Index,,,,2023-04-06 00:00:00-04:00,,,,,,,,,,,,,,,
^SP1500-10,S&P Composite 1500 Energy (Sect,Index,,,,2023-04-06 00:00:00-04:00,,,,,,,,,,,,,,,
^SP1500-1010,S&P Composite 1500 Energy (Indu,Index,,,,2023-04-06 00:00:00-04:00,,,,,,,,,,,,,,,
^SP500-1010,S&P 500 Energy (Industry Group),Index,,,,2013-04-08 00:00:00-04:00,,,,,,,,,,,,,,,
^GSPE,S&P 500 Energy (Sector),Index,,,,2013-04-08 00:00:00-04:00,,,,,,,,,,,,,,,
^DJUSOG,Dow Jones U.S. Oil & Gas Produc,Index,,,,2023-04-06 00:00:00-04:00,,,,,,,,,,,,,,,
RLT=F,BTIC on E-mini Russell 2000 Ind,Future,,,,2017-07-10 00:00:00-04:00,,,,,,,,,,,,,,,
F*RLT.CME,BTIC on E-mini Russell 2000 Ind,Future,,,,2023-04-06 00:00:00-04:00,,,,,,,,,,,,,,,
RLTM23.CME,BTIC on E-mini Russell 2000 Ind,Future,,,,2022-09-15 00:00:00-04:00,,,,,,,,,,,,,,,
LEJ23.CME,"Live Cattle Futures,Apr-2023",Future,,,,2021-10-29 00:00:00-04:00,,,,,,,,,,,,,,,
6NM23.CME,"New Zealand Dollar Futures,Jun-",Future,,,,2021-12-13 00:00:00-05:00,,,,,,,,,,,,,,,
F*6N.CME,"New Zealand Dollar Futures,Jun-",Future,,,,2019-09-19 00:00:00-04:00,,,,,,,,,,,,,,,
GFJ23.CME,"Feeder Cattle Futures,Apr-2023",Future,,,,2022-04-28 00:00:00-04:00,,,,,,,,,,,,,,,
6N=F,"New Zealand Dollar Futures,Jun-",Future,,,,2013-04-09 00:00:00-04:00,,,,,,,,,,,,,,,
GFU23.CME,"Feeder Cattle Futures,Sep-2023",Future,,,,2022-09-29 00:00:00-04:00,,,,,,,,,,,,,,,
LEM23.CME,"Live Cattle Futures,Jun-2023",Future,,,,2021-12-31 00:00:00-05:00,,,,,,,,,,,,,,,
F*LE.CME,"Live Cattle Futures,Jun-2023",Future,,,,2016-01-04 00:00:00-05:00,,,,,,,,,,,,,,,
LE=F,"Live Cattle Futures,Jun-2023",Future,,,,2013-04-09 00:00:00-04:00,,,,,,,,,,,,,,,
LEQ23.CME,"Live Cattle Futures,Aug-2023",Future,,,,2022-02-28 00:00:00-05:00,,,,,,,,,,,,,,,
GFK23.CME,"Feeder Cattle Futures,May-2023",Future,,,,2022-05-26 00:00:00-04:00,,,,,,,,,,,,,,,
GF=F,"Feeder Cattle Futures,May-2023",Future,,,,2013-04-09 00:00:00-04:00,,,,,,,,,,,,,,,
F*GF.CME,"Feeder Cattle Futures,May-2023",Future,,,,2019-04-01 00:00:00-04:00,,,,,,,,,,,,,,,
LEV23.CME,"Live Cattle Futures,Oct-2023",Future,,,,2022-04-29 00:00:00-04:00,,,,,,,,,,,,,,,
GFQ23.CME,"Feeder Cattle Futures,Aug-2023",Future,,,,2022-08-25 00:00:00-04:00,,,,,,,,,,,,,,,
6J=F,"Japanese Yen Futures,Jun-2023",Future,,,,2013-04-09 00:00:00-04:00,,,,,,,,,,,,,,,
6JM23.CME,"Japanese Yen Futures,Jun-2023",Future,,,,2018-06-05 00:00:00-04:00,,,,,,,,,,,,,,,
SR3F23.CME,"Three-Month SOFR Futures,Jan-20",Future,,,,2023-04-06 00:00:00-04:00,,,,,,,,,,,,,,,
F*NQT.CME,"BTIC E-mini Nasdaq-100 Futures,",Future,,,,2023-04-06 00:00:00-04:00,,,,,,,,,,,,,,,
F*ESR.CME,EURO SHORT-TERM RATE (?STR) FUT,Future,,,,2023-04-06 00:00:00-04:00,,,,,,,,,,,,,,,
ESR=F,EURO SHORT-TERM RATE (?STR) FUT,Future,,,,2023-04-06 00:00:00-04:00,,,,,,,,,,,,,,,
SEDU23.CME,SED Future SEP 2023 Trading Ses,Future,,,,2023-04-06 00:00:00-04:00,,,,,,,,,,,,,,,
SDA=F,S&P 500 Annual Dividend Index F,Future,,,,2015-11-16 00:00:00-05:00,,,,,,,,,,,,,,,
F*SDA.CME,S&P 500 Annual Dividend Index F,Future,,,,2016-01-19 00:00:00-05:00,,,,,,,,,,,,,,,
HEV23.CME,"Lean Hogs Futures,Oct-2023",Future,,,,2022-05-13 00:00:00-04:00,,,,,,,,,,,,,,,
HEQ23.CME,"Lean Hogs Futures,Aug-2023",Future,,,,2022-04-14 00:00:00-04:00,,,,,,,,,,,,,,,
F*SED.CME,SED Future SEP 2023 Trading Ses,Future,,,,2023-04-06 00:00:00-04:00,,,,,,,,,,,,,,,
NQTM23.CME,"BTIC E-mini Nasdaq-100 Futures,",Future,,,,2022-09-15 00:00:00-04:00,,,,,,,,,,,,,,,
SED=F,SED Future SEP 2023 Trading Ses,Future,,,,2023-04-06 00:00:00-04:00,,,,,,,,,,,,,,,
LETM23.CME,"Live Cattle TAS Futures,Jun-202",Future,,,,2022-08-30 00:00:00-04:00,,,,,,,,,,,,,,,
ESRF23.CME,EURO SHORT-TERM RATE (?STR) FUT,Future,,,,2023-04-06 00:00:00-04:00,,,,,,,,,,,,,,,
SDAZ23.CME,S&P 500 Annual Dividend Index F,Future,,,,2020-01-02 00:00:00-05:00,,,,,,,,,,,,,,,
F*LET.CME,"Live Cattle TAS Futures,Jun-202",Future,,,,2020-06-01 00:00:00-04:00,,,,,,,,,,,,,,,
LET=F,"Live Cattle TAS Futures,Jun-202",Future,,,,2015-06-15 00:00:00-04:00,,,,,,,,,,,,,,,
NQT=F,"BTIC E-mini Nasdaq-100 Futures,",Future,,,,2015-11-16 00:00:00-05:00,,,,,,,,,,,,,,,
F*6J.CME,"Japanese Yen Futures,Jun-2023",Future,,,,2019-06-20 00:00:00-04:00,,,,,,,,,,,,,,,
SR3G23.CME,"Three-Month SOFR Futures,Feb-20",Future,,,,2023-04-06 00:00:00-04:00,,,,,,,,,,,,,,,
F*SR1.CME,"One-Month SOFR Futures,May-2023",Future,,,,2023-04-07 00:00:00-04:00,,,,,,,,,,,,,,,
SR1K23.CME,"One-Month SOFR Futures,May-2023",Future,,,,2023-04-07 00:00:00-04:00,,,,,,,,,,,,,,,
SR3H23.CME,"Three-Month SOFR Futures,Mar-20",Future,,,,2020-01-24 00:00:00-05:00,,,,,,,,,,,,,,,
SR1=F,"One-Month SOFR Futures,May-2023",Future,,,,2023-04-07 00:00:00-04:00,,,,,,,,,,,,,,,
F*GE.CME,"Eurodollar Futures,Apr-2023",Future,,,,2023-04-07 00:00:00-04:00,,,,,,,,,,,,,,,
LEZ23.CME,"Live Cattle Futures,Dec-2023",Future,,,,2022-06-30 00:00:00-04:00,,,,,,,,,,,,,,,
GEK23.CME,"Eurodollar Futures,May-2023",Future,,,,2022-11-11 00:00:00-05:00,,,,,,,,,,,,,,,
SR3M23.CME,"Three-Month SOFR Futures,Jun-20",Future,,,,2020-01-24 00:00:00-05:00,,,,,,,,,,,,,,,
SR3=F,"Three-Month SOFR Futures,Jun-20",Future,,,,2023-04-07 00:00:00-04:00,,,,,,,,,,,,,,,
F*SR3.CME,"Three-Month SOFR Futures,Jun-20",Future,,,,2019-06-24 00:00:00-04:00,,,,,,,,,,,,,,,
HEN23.CME,"Lean Hogs Futures,Jul-2023",Future,,,,2022-02-14 00:00:00-05:00,,,,,,,,,,,,,,,
SR3M26.CME,"Three-Month SOFR Futures,Jun-20",Future,,,,2020-01-24 00:00:00-05:00,,,,,,,,,,,,,,,
SR3Z26.CME,"Three-Month SOFR Futures,Dec-20",Future,,,,2020-01-24 00:00:00-05:00,,,,,,,,,,,,,,,
SR3H27.CME,"Three-Month SOFR Futures,Mar-20",Future,,,,2020-01-24 00:00:00-05:00,,,,,,,,,,,,,,,
SR3U23.CME,"Three-Month SOFR Futures,Sep-20",Future,,,,2020-01-24 00:00:00-05:00,,,,,,,,,,,,,,,
SR1Q23.CME,"One-Month SOFR Futures,Aug-2023",Future,,,,2023-04-07 00:00:00-04:00,,,,,,,,,,,,,,,
SR1N23.CME,"One-Month SOFR Futures,Jul-2023",Future,,,,2023-04-07 00:00:00-04:00,,,,,,,,,,,,,,,
GE=F,"Eurodollar Futures,Apr-2023",Future,,,,2013-04-09 00:00:00-04:00,,,,,,,,,,,,,,,
XAE=F,E-mini Energy Select Sector Fut,Future,,,,2013-04-09 00:00:00-04:00,,,,,,,,,,,,,,,
F*XAE.CME,E-mini Energy Select Sector Fut,Future,,,,2023-04-06 00:00:00-04:00,,,,,,,,,,,,,,,
XAEM23.CME,E-mini Energy Select Sector Fut,Future,,,,2022-03-17 00:00:00-04:00,,,,,,,,,,,,,,,
SR3H26.CME,"Three-Month SOFR Futures,Mar-20",Future,,,,2020-01-24 00:00:00-05:00,,,,,,,,,,,,,,,
SR3Z25.CME,"Three-Month SOFR Futures,Dec-20",Future,,,,2020-01-24 00:00:00-05:00,,,,,,,,,,,,,,,
SR3U25.CME,"Three-Month SOFR Futures,Sep-20",Future,,,,2020-01-24 00:00:00-05:00,,,,,,,,,,,,,,,
SR3Z23.CME,"Three-Month SOFR Futures,Dec-20",Future,,,,2020-01-24 00:00:00-05:00,,,,,,,,,,,,,,,
GEM23.CME,"Eurodollar Futures,Jun-2023",Future,,,,2013-06-17 00:00:00-04:00,,,,,,,,,,,,,,,
SR3M25.CME,"Three-Month SOFR Futures,Jun-20",Future,,,,2020-01-24 00:00:00-05:00,,,,,,,,,,,,,,,
SR3M24.CME,"Three-Month SOFR Futures,Jun-20",Future,,,,2020-01-24 00:00:00-05:00,,,,,,,,,,,,,,,
SR3H24.CME,"Three-Month SOFR Futures,Mar-20",Future,,,,2020-01-24 00:00:00-05:00,,,,,,,,,,,,,,,
LEJ24.CME,"Live Cattle Futures,Apr-2024",Future,,,,2014-04-17 00:00:00-04:00,,,,,,,,,,,,,,,
SR3H25.CME,"Three-Month SOFR Futures,Mar-20",Future,,,,2020-01-24 00:00:00-05:00,,,,,,,,,,,,,,,
SR3U24.CME,"Three-Month SOFR Futures,Sep-20",Future,,,,2020-01-24 00:00:00-05:00,,,,,,,,,,,,,,,
SR3Z24.CME,"Three-Month SOFR Futures,Dec-20",Future,,,,2020-01-24 00:00:00-05:00,,,,,,,,,,,,,,,
LEG24.CME,"Live Cattle Futures,Feb-2024",Future,,,,2022-08-31 00:00:00-04:00,,,,,,,,,,,,,,,
6SM23.CME,"Swiss Franc Futures,Jun-2023",Future,,,,2018-06-05 00:00:00-04:00,,,,,,,,,,,,,,,
6S=F,"Swiss Franc Futures,Jun-2023",Future,,,,2013-04-09 00:00:00-04:00,,,,,,,,,,,,,,,
6AM23.CME,"Australian Dollar Futures,Jun-2",Future,,,,2018-06-05 00:00:00-04:00,,,,,,,,,,,,,,,
F*HE.CME,"Lean Hogs Futures,Apr-2023",Future,,,,2023-04-06 00:00:00-04:00,,,,,,,,,,,,,,,
HEM23.CME,"Lean Hogs Futures,Jun-2023",Future,,,,2021-12-14 00:00:00-05:00,,,,,,,,,,,,,,,
F*6A.CME,"Australian Dollar Futures,Jun-2",Future,,,,2019-12-20 00:00:00-05:00,,,,,,,,,,,,,,,
F*6S.CME,"Swiss Franc Futures,Jun-2023",Future,,,,2019-09-19 00:00:00-04:00,,,,,,,,,,,,,,,
HEZ23.CME,"Lean Hogs Futures,Dec-2023",Future,,,,2022-06-14 00:00:00-04:00,,,,,,,,,,,,,,,
F*M6A.CME,"Micro AUD/USD Futures,Jun-2023",Future,,,,2019-12-20 00:00:00-05:00,,,,,,,,,,,,,,,
6A=F,"Australian Dollar Futures,Jun-2",Future,,,,2013-04-09 00:00:00-04:00,,,,,,,,,,,,,,,
M6AM23.CME,"Micro AUD/USD Futures,Jun-2023",Future,,,,2022-12-06 00:00:00-05:00,,,,,,,,,,,,,,,
M6A=F,"Micro AUD/USD Futures,Jun-2023",Future,,,,2013-04-09 00:00:00-04:00,,,,,,,,,,,,,,,
6M=F,"Mexican Peso Futures,Jun-2023",Future,,,,2013-04-09 00:00:00-04:00,,,,,,,,,,,,,,,
6MM23.CME,"Mexican Peso Futures,Jun-2023",Future,,,,2021-11-15 00:00:00-05:00,,,,,,,,,,,,,,,
F*MNQ.CME,Micro E-mini Nasdaq-100 Index F,Future,,,,2019-12-23 00:00:00-05:00,,,,,,,,,,,,,,,
MNQ=F,Micro E-mini Nasdaq-100 Index F,Future,,,,2019-05-06 00:00:00-04:00,,,,,,,,,,,,,,,
ESM23.CME,E-Mini S&P 500 Jun 23,Future,,,,2021-06-04 00:00:00-04:00,,,,,,,,,,,,,,,
NQ=F,Nasdaq 100 Jun 23,Future,,,,2013-04-09 00:00:00-04:00,,,,,,,,,,,,,,,
MNQM23.CME,Micro E-mini Nasdaq-100 Index F,Future,,,,2022-03-17 00:00:00-04:00,,,,,,,,,,,,,,,
NQM23.CME,Nasdaq 100 Jun 23,Future,,,,2022-03-17 00:00:00-04:00,,,,,,,,,,,,,,,
F*NQ.CME,Nasdaq 100 Jun 23,Future,,,,2019-09-23 00:00:00-04:00,,,,,,,,,,,,,,,
F*M6E.CME,"Micro EUR/USD Futures,Jun-2023",Future,,,,2019-09-19 00:00:00-04:00,,,,,,,,,,,,,,,
ES=F,E-Mini S&P 500 Jun 23,Future,,,,2013-04-09 00:00:00-04:00,,,,,,,,,,,,,,,
MESM23.CME,MICRO E-MINI S&P 500 INDEX FUTU,Future,,,,2022-03-07 00:00:00-05:00,,,,,,,,,,,,,,,
F*MES.CME,MICRO E-MINI S&P 500 INDEX FUTU,Future,,,,2019-09-23 00:00:00-04:00,,,,,,,,,,,,,,,
MES=F,MICRO E-MINI S&P 500 INDEX FUTU,Future,,,,2019-05-03 00:00:00-04:00,,,,,,,,,,,,,,,
